-- MySQL dump 10.13  Distrib 5.5.47, for debian-linux-gnu (x86_64)
--
-- Host: localhost    Database: mouse_db
-- ------------------------------------------------------
-- Server version	5.5.47-0ubuntu0.14.04.1

/*!40101 SET @OLD_CHARACTER_SET_CLIENT=@@CHARACTER_SET_CLIENT */;
/*!40101 SET @OLD_CHARACTER_SET_RESULTS=@@CHARACTER_SET_RESULTS */;
/*!40101 SET @OLD_COLLATION_CONNECTION=@@COLLATION_CONNECTION */;
/*!40101 SET NAMES utf8 */;
/*!40103 SET @OLD_TIME_ZONE=@@TIME_ZONE */;
/*!40103 SET TIME_ZONE='+00:00' */;
/*!40014 SET @OLD_UNIQUE_CHECKS=@@UNIQUE_CHECKS, UNIQUE_CHECKS=0 */;
/*!40014 SET @OLD_FOREIGN_KEY_CHECKS=@@FOREIGN_KEY_CHECKS, FOREIGN_KEY_CHECKS=0 */;
/*!40101 SET @OLD_SQL_MODE=@@SQL_MODE, SQL_MODE='NO_AUTO_VALUE_ON_ZERO' */;
/*!40111 SET @OLD_SQL_NOTES=@@SQL_NOTES, SQL_NOTES=0 */;

--
-- Table structure for table `Bolus_record`
--

DROP TABLE IF EXISTS `Bolus_record`;
/*!40101 SET @saved_cs_client     = @@character_set_client */;
/*!40101 SET character_set_client = utf8 */;
CREATE TABLE `Bolus_record` (
  `trial_id` int(11) NOT NULL DEFAULT '0',
  `m_id` varchar(20) NOT NULL DEFAULT '',
  `reviewer_id` varchar(20) NOT NULL DEFAULT '',
  `test_date` date NOT NULL DEFAULT '0000-00-00',
  `status` varchar(20) NOT NULL DEFAULT '',
  `vid_id` varchar(20) NOT NULL DEFAULT '',
  `ba_start` varchar(40) DEFAULT NULL,
  `bolus_area` double DEFAULT NULL,
  PRIMARY KEY (`m_id`,`trial_id`,`vid_id`,`reviewer_id`,`test_date`)
) ENGINE=InnoDB DEFAULT CHARSET=latin1;
/*!40101 SET character_set_client = @saved_cs_client */;

--
-- Dumping data for table `Bolus_record`
--

LOCK TABLES `Bolus_record` WRITE;
/*!40000 ALTER TABLE `Bolus_record` DISABLE KEYS */;
INSERT INTO `Bolus_record` VALUES (1,'9149','1','2011-01-01','r1','1_1','1:1.1',0.2),(1,'9149','2','2011-01-01','r2','1_1','1:1.1',0.2),(2,'9149','1','2011-01-01','r1','1_1','1:1.1',0.2),(2,'9149','2','2011-01-01','r2','1_1','1:1.1',0.2),(3,'9149','1','2011-01-01','r1','1_1','1:1.1',0.2),(3,'9149','2','2011-01-01','r2','1_1','1:1.1',0.2),(1,'H601','3','1234-05-02','r1','H601_1234-05-02','2:2.2',0.3),(1,'H601','4','1234-05-02','r2','H601_1234-05-02','1:1.1',1),(2,'H601','3','1234-05-02','r1','H601_1234-05-02','1:1.1',0.3),(2,'H601','4','1234-05-02','r2','H601_1234-05-02','1:1.1',1),(3,'H601','3','1234-05-02','r1','H601_1234-05-02','1:1.1',0.2),(3,'H601','4','1234-05-02','r2','H601_1234-05-02','1:1.1',1),(2,'H602','15','2014-04-19','r1','',NULL,NULL),(2,'H602','22','2014-04-19','r2','',NULL,NULL),(1,'L124','3','2014-10-05','r1','L124_2014-10-05','1:1.1',0.5),(1,'L124','3','2014-11-02','r1','L124_2014-11-02','1:1.1',0.5),(1,'L124','4','2014-11-02','r2','L124_2014-11-02','1:1.1',0.5),(1,'L124','1','2015-01-10','c','L124_2015-01-10','1:1.1',0.5),(1,'L124','3','2015-01-10','r1','L124_2015-01-10','1:1.1',0.5),(1,'L124','4','2015-01-10','r2','L124_2015-01-10','1:1.1',0.5);
/*!40000 ALTER TABLE `Bolus_record` ENABLE KEYS */;
UNLOCK TABLES;

--
-- Table structure for table `Pos1_record`
--

DROP TABLE IF EXISTS `Pos1_record`;
/*!40101 SET @saved_cs_client     = @@character_set_client */;
/*!40101 SET character_set_client = utf8 */;
CREATE TABLE `Pos1_record` (
  `trial_id` int(11) NOT NULL DEFAULT '0',
  `m_id` varchar(20) NOT NULL DEFAULT '',
  `reviewer_id` varchar(20) NOT NULL DEFAULT '',
  `test_date` date NOT NULL DEFAULT '0000-00-00',
  `swallow_start` varchar(40) DEFAULT NULL,
  `PTT_end` varchar(40) DEFAULT NULL,
  `2nd_swallow` varchar(40) DEFAULT NULL,
  `jaw_cycle` double DEFAULT NULL,
  `2sec_swallow_start` varchar(40) DEFAULT NULL,
  `swallow_2sec` double DEFAULT NULL,
  `lick_start` varchar(40) DEFAULT NULL,
  `file_num` varchar(10) DEFAULT NULL,
  `lick_end` varchar(40) DEFAULT NULL,
  `jaw_cycle_per_swallow` double DEFAULT NULL,
  `status` varchar(20) DEFAULT NULL,
  `vid_id` varchar(20) NOT NULL DEFAULT '',
  `review_date` date DEFAULT NULL,
  PRIMARY KEY (`m_id`,`trial_id`,`vid_id`,`reviewer_id`,`test_date`)
) ENGINE=InnoDB DEFAULT CHARSET=latin1;
/*!40101 SET character_set_client = @saved_cs_client */;

--
-- Dumping data for table `Pos1_record`
--

LOCK TABLES `Pos1_record` WRITE;
/*!40000 ALTER TABLE `Pos1_record` DISABLE KEYS */;
INSERT INTO `Pos1_record` VALUES (1,'9141','1','2011-01-01','1:1.1','1:1.1','1:1.1',1,'1:1.1',1,'1:1.1','0','1:1.1',1,'r1','2011_9141','2016-02-02'),(1,'9141','2','2011-01-01','1:1.1','1:1.1','1:1.1',1,'1:1.1',1,'1:1.1','0','1:1.1',1,'r2','2011_9141','2016-02-02'),(2,'9141','1','2011-01-01','1:1.1','1:1.1','1:1.1',1,'1:1.1',1,'1:1.1','0','1:1.1',1,'r1','2011_9141','2016-02-02'),(2,'9141','2','2011-01-01','1:1.1','1:1.1','1:1.1',1,'1:1.1',1,'1:1.1','0','1:1.1',1,'r2','2011_9141','2016-02-02'),(3,'9141','1','2011-01-01','1:1.1','1:1.1','1:1.1',1,'1:1.1',1,'1:1.1','0','1:1.1',1,'r1','2011_9141','2016-02-02'),(3,'9141','2','2011-01-01','1:1.1','1:1.1','1:1.1',1,'1:1.1',1,'1:1.1','0','1:1.1',1,'r2','2011_9141','2016-02-02'),(4,'9141','1','2011-01-01','1:1.1','1:1.1','1:1.1',1,'1:1.1',1,'1:1.1','0','1:1.1',1,'r1','2011_9141','2016-02-02'),(4,'9141','2','2011-01-01','1:1.1','1:1.1','1:1.1',1,'1:1.1',1,'1:1.1','0','1:1.1',1,'r2','2011_9141','2016-02-02'),(5,'9141','1','2011-01-01','1:1.1','1:1.1','1:1.1',1,'1:1.1',1,'1:1.1','0','1:1.1',1,'r1','2011_9141','2016-02-02'),(5,'9141','2','2011-01-01','1:1.2','1:1.1','1:1.1',1,'1:1.1',1,'1:1.1','0','1:1.1',1,'r2','2011_9141','2016-02-02'),(1,'H601','1','1234-05-02',' 1: 1. 1',' 1: 1. 1',' 1: 1. 1',1,' 1: 1. 1',1,' 1: 1. 1',NULL,' 1: 1. 1',1,'c','H601_1234-05-02','0000-00-00'),(1,'H601','3','1234-05-02','1:1.1','1:1.1','1:1.1',1,'1:1.1',1,'1:1.1','0','1:1.1',1,'r1','H601_1234-05-02','2016-05-08'),(1,'H601','4','1234-05-02','1:1.1','1:1.1','1:1.1',1,'1:1.1',1,'1:1.1',NULL,'1:1.1',1,'r2','H601_1234-05-02','2016-05-08'),(2,'H601','3','1234-05-02','1:1.1','1:1.1','2:2.2',1,'2:2.2',2,'2:21.1','1','1:1.1',2,'r1','H601_1234-05-02','2016-05-08'),(2,'H601','4','1234-05-02','1:1.1','1:1.1','1:1.1',1,'1:1.1',1,'1:1.1',NULL,'1:1.1',1,'r2','H601_1234-05-02','2016-05-08'),(3,'H601','3','1234-05-02','1:1.1','1:1.1','1:1.1',1,'1:1.1',1,'1:1.1','1','1:1.1',1,'r1','H601_1234-05-02','2016-05-08'),(3,'H601','4','1234-05-02','1:1.1','1:1.1','1:1.1',1,'1:1.1',1,'1:1.1',NULL,'1:1.1',1,'r2','H601_1234-05-02','2016-05-08'),(4,'H601','3','1234-05-02','1:1.1','111:1.1','1:1.1',1,'1:1.1',1,'1:1.1','1','1:1.1',1,'r1','H601_1234-05-02','2016-05-08'),(4,'H601','4','1234-05-02','1:1.1','1:1.1','1:1.1',1,'1:1.1',1,'1:1.1',NULL,'1:1.1',1,'r2','H601_1234-05-02','0000-00-00'),(5,'H601','3','1234-05-02','1:1.1','1:1.1','1:1.1',2,'1:1.12',2,'2:2.2','1','2:2.22',1,'r1','H601_1234-05-02','2016-05-08'),(5,'H601','4','1234-05-02','1:1.1','1:1.1','1:1.1',1,'1:1.1',1,'1:1.1',NULL,'1:1.1',1,'r2','H601_1234-05-02','0000-00-00'),(1,'L124','3','2014-11-02','1:1.1','1:1.1','1:1.1',1,'1:1.1',1,'1:1.1','0','1:1.1',1,'r1','L124_2014-11-02','2014-11-08'),(1,'L124','4','2014-11-02','1:1.1','1:1.1','1:1.1',1,'1:1.1',1,'1:1.1','0','1:1.1',1,'r2','L124_2014-11-02','2014-11-09'),(1,'L124','1','2015-01-10','1:1.1','1:1.1','1:1.1',1,'1:1.1',1,'1:1.1','0','1:1.1',1,'c','L124_2015-01-10','2015-01-16'),(1,'L124','3','2015-01-10','1:1.1','1:1.1','1:1.1',1,'1:1.1',1,'1:1.1','0','1:1.1',1,'r1','L124_2015-01-10','2015-01-12'),(1,'L124','4','2015-01-10','1:1.1','1:1.1','1:1.1',1,'1:1.1',1,'1:1.1','0','1:1.1',1,'r2','L124_2015-01-10','2015-01-12');
/*!40000 ALTER TABLE `Pos1_record` ENABLE KEYS */;
UNLOCK TABLES;

--
-- Table structure for table `Pos2_record`
--

DROP TABLE IF EXISTS `Pos2_record`;
/*!40101 SET @saved_cs_client     = @@character_set_client */;
/*!40101 SET character_set_client = utf8 */;
CREATE TABLE `Pos2_record` (
  `trial_id` int(11) NOT NULL DEFAULT '0',
  `m_id` varchar(20) NOT NULL DEFAULT '',
  `reviewer_id` varchar(20) NOT NULL DEFAULT '',
  `test_date` date NOT NULL DEFAULT '0000-00-00',
  `PTT_start` varchar(40) DEFAULT NULL,
  `PTT_end` varchar(40) DEFAULT NULL,
  `ETT_end` varchar(40) DEFAULT NULL,
  `phary_res` varchar(10) DEFAULT NULL,
  `eso_res` varchar(10) DEFAULT NULL,
  `2nd_swallow` varchar(40) DEFAULT NULL,
  `eso_2_sall` varchar(40) DEFAULT NULL,
  `clean_eso_num` double DEFAULT NULL,
  `sall_inhibi` varchar(10) DEFAULT NULL,
  `status` varchar(20) DEFAULT NULL,
  `vid_id` varchar(20) NOT NULL DEFAULT '',
  `file_num` varchar(10) DEFAULT NULL,
  `review_date` date DEFAULT NULL,
  PRIMARY KEY (`m_id`,`trial_id`,`vid_id`,`reviewer_id`,`test_date`)
) ENGINE=InnoDB DEFAULT CHARSET=latin1;
/*!40101 SET character_set_client = @saved_cs_client */;

--
-- Dumping data for table `Pos2_record`
--

LOCK TABLES `Pos2_record` WRITE;
/*!40000 ALTER TABLE `Pos2_record` DISABLE KEYS */;
INSERT INTO `Pos2_record` VALUES (1,'9134','2','2015-02-02','1:1.1','1:1.1','1:1.1','N','N','1:1.1','1:1.1',1,'1:1.1','r2','9134_2015-02-02','0','2016-02-02'),(1,'9134','2015-05-04','2015-02-02','1:1.1','1:1.1','1:1.1','N','N','1:1.1','1:1.1',1,'1:1.1','r1','9134_2015-02-02','0','2016-02-02'),(2,'9134','1','2015-02-02','1:1.1','1:1.1','1:1.1','N','N','1:1.1','1:1.1',1,'1:1.1','r1','9134_2015-02-02','0','2016-02-02'),(2,'9134','2','2015-02-02','1:1.1','1:1.1','1:1.1','N','N','1:1.1','1:1.1',1,'1:1.1','r2','9134_2015-02-02','0','2016-02-02'),(3,'9134','1','2015-02-02','1:1.1','1:1.1','1:1.1','N','N','1:1.1','1:1.1',1,'1:1.1','r1','9134_2015-02-02','0','2016-02-02'),(3,'9134','2','2015-02-02','1:1.1','1:1.1','1:1.1','N','N','1:1.1','1:1.1',1,'1:1.1','r2','9134_2015-02-02','0','2016-02-02'),(4,'9134','1','2015-02-02','1:1.1','1:1.1','1:1.1','N','N','1:1.1','1:1.1',1,'1:1.1','r1','9134_2015-02-02','0','2016-02-02'),(4,'9134','2','2015-02-02','1:1.1','1:1.1','1:1.1','N','N','1:1.1','1:1.1',1,'1:1.1','r2','9134_2015-02-02','0','2016-02-02'),(5,'9134','1','2015-02-02','1:1.1','1:1.1','1:1.1','N','N','1:1.1','1:1.1',1,'1:1.1','r1','9134_2015-02-02','0','2016-02-02'),(5,'9134','2','2015-02-02','1:1.1','1:1.1','1:1.1','N','N','1:1.1','1:1.1',1,'1:1.1','r2','9134_2015-02-02','0','2016-02-02'),(1,'H601','1','1234-05-02','1:1.1',' 1: 1. 1',' 1: 1. 1',' N',' N',' 1: 1. 1',' N',1,' N','c','H601_1234-05-02',NULL,'0000-00-00'),(1,'H601','3','1234-05-02','11:1.','1:1.1','1:1.1','N','N','1:1.1','N',1,'N','r1','H601_1234-05-02','0','2016-05-08'),(1,'H601','4','1234-05-02','1:1.1','1:1.1','1:1.1','N','N','1:1.1','N',1,'N','r2','H601_1234-05-02',NULL,'2016-05-08'),(2,'H601','3','1234-05-02','1:1.1','1:1.1','1:1.1','N','N','1:1.1','N',1,'N','r1','H601_1234-05-02','1','2016-05-08'),(3,'H601','3','1234-05-02','1:1.1','1:1.1','1:1.1','N','N',':.','N',1,'N','r1','H601_1234-05-02','1','2016-05-08'),(4,'H601','3','1234-05-02','1:1.1','1:1.1','1:1.1','N','N','1:1.1','N',1,'N','r1','H601_1234-05-02','1','2016-05-08'),(4,'H601','4','1234-05-02','1:1.1','1:1.1','1:1.1','N','N','1:1.1','N',1,'N','r2','H601_1234-05-02',NULL,'2016-05-08'),(5,'H601','3','1234-05-02','1:1.1','1:1.1','12:2.2','N','N','2:2.2','N',2,'N','r1','H601_1234-05-02','1','2016-05-08'),(5,'H601','4','1234-05-02','1:1.1','1:1.1','1:1.1','N','N','1:1.1','N',1,'N','r2','H601_1234-05-02',NULL,'2016-05-08'),(1,'L124','3','2014-10-05','1:1.1','1:1.1','1:1.1','N','N','1:1.1','1:1.1',0,'1:1.1','r1','L124_2014-10-05','0','2014-10-06'),(1,'L124','3','2014-11-02','1:1.1','1:1.1','1:1.1','N','N','1:1.1','1:1.1',0,'1:1.1','r1','L124_2014-11-02','0','2014-10-08'),(1,'L124','4','2014-11-02','1:1.1','1:1.1','1:1.1','N','N','1:1.1','1:1.1',0,'1:1.1','r2','L124_2014-11-02','0','2014-10-09'),(1,'L124','1','2015-01-10','1:1.1','1:1.1','1:1.1','N','N','1:1.1','1:1.1',0,'1:1.1','c','L124_2015-01-10','0','2015-01-16'),(1,'L124','3','2015-01-10','1:1.1','1:1.1','1:1.1','N','N','1:1.1','1:1.1',0,'1:1.1','r1','L124_2015-01-10','0','2015-01-12'),(1,'L124','4','2015-01-10','1:1.1','1:1.1','1:1.1','N','N','1:1.1','1:1.1',0,'1:1.1','r2','L124_2015-01-10','0','2015-01-12');
/*!40000 ALTER TABLE `Pos2_record` ENABLE KEYS */;
UNLOCK TABLES;

--
-- Table structure for table `archived_colony`
--

DROP TABLE IF EXISTS `archived_colony`;
/*!40101 SET @saved_cs_client     = @@character_set_client */;
/*!40101 SET character_set_client = utf8 */;
CREATE TABLE `archived_colony` (
  `col_id` varchar(20) NOT NULL DEFAULT '',
  `disease` varchar(20) DEFAULT NULL,
  `CNV` varchar(20) DEFAULT NULL,
  PRIMARY KEY (`col_id`)
) ENGINE=InnoDB DEFAULT CHARSET=latin1;
/*!40101 SET character_set_client = @saved_cs_client */;

--
-- Dumping data for table `archived_colony`
--

LOCK TABLES `archived_colony` WRITE;
/*!40000 ALTER TABLE `archived_colony` DISABLE KEYS */;
INSERT INTO `archived_colony` VALUES ('5','test','test');
/*!40000 ALTER TABLE `archived_colony` ENABLE KEYS */;
UNLOCK TABLES;

--
-- Table structure for table `archived_geno_type`
--

DROP TABLE IF EXISTS `archived_geno_type`;
/*!40101 SET @saved_cs_client     = @@character_set_client */;
/*!40101 SET character_set_client = utf8 */;
CREATE TABLE `archived_geno_type` (
  `geno_id` varchar(20) NOT NULL DEFAULT '',
  `name` varchar(20) DEFAULT NULL,
  `description` varchar(30) DEFAULT NULL,
  PRIMARY KEY (`geno_id`),
  KEY `geno_id_index` (`geno_id`) USING BTREE
) ENGINE=InnoDB DEFAULT CHARSET=latin1;
/*!40101 SET character_set_client = @saved_cs_client */;

--
-- Dumping data for table `archived_geno_type`
--

LOCK TABLES `archived_geno_type` WRITE;
/*!40000 ALTER TABLE `archived_geno_type` DISABLE KEYS */;
INSERT INTO `archived_geno_type` VALUES ('7','test','test');
/*!40000 ALTER TABLE `archived_geno_type` ENABLE KEYS */;
UNLOCK TABLES;

--
-- Table structure for table `archived_observer`
--

DROP TABLE IF EXISTS `archived_observer`;
/*!40101 SET @saved_cs_client     = @@character_set_client */;
/*!40101 SET character_set_client = utf8 */;
CREATE TABLE `archived_observer` (
  `obs_id` varchar(20) NOT NULL DEFAULT '',
  `first_name` varchar(20) DEFAULT NULL,
  `last_name` varchar(20) DEFAULT NULL,
  `password` varchar(30) DEFAULT NULL,
  PRIMARY KEY (`obs_id`)
) ENGINE=InnoDB DEFAULT CHARSET=latin1;
/*!40101 SET character_set_client = @saved_cs_client */;

--
-- Dumping data for table `archived_observer`
--

LOCK TABLES `archived_observer` WRITE;
/*!40000 ALTER TABLE `archived_observer` DISABLE KEYS */;
/*!40000 ALTER TABLE `archived_observer` ENABLE KEYS */;
UNLOCK TABLES;

--
-- Table structure for table `archived_pheno_type`
--

DROP TABLE IF EXISTS `archived_pheno_type`;
/*!40101 SET @saved_cs_client     = @@character_set_client */;
/*!40101 SET character_set_client = utf8 */;
CREATE TABLE `archived_pheno_type` (
  `pheno_id` varchar(20) NOT NULL DEFAULT '',
  `name` varchar(20) DEFAULT NULL,
  `description` varchar(30) DEFAULT NULL,
  PRIMARY KEY (`pheno_id`)
) ENGINE=InnoDB DEFAULT CHARSET=latin1;
/*!40101 SET character_set_client = @saved_cs_client */;

--
-- Dumping data for table `archived_pheno_type`
--

LOCK TABLES `archived_pheno_type` WRITE;
/*!40000 ALTER TABLE `archived_pheno_type` DISABLE KEYS */;
INSERT INTO `archived_pheno_type` VALUES ('4','test','  test29');
/*!40000 ALTER TABLE `archived_pheno_type` ENABLE KEYS */;
UNLOCK TABLES;

--
-- Table structure for table `cage`
--

DROP TABLE IF EXISTS `cage`;
/*!40101 SET @saved_cs_client     = @@character_set_client */;
/*!40101 SET character_set_client = utf8 */;
CREATE TABLE `cage` (
  `cage_id` varchar(20) NOT NULL DEFAULT '',
  PRIMARY KEY (`cage_id`)
) ENGINE=InnoDB DEFAULT CHARSET=latin1;
/*!40101 SET character_set_client = @saved_cs_client */;

--
-- Dumping data for table `cage`
--

LOCK TABLES `cage` WRITE;
/*!40000 ALTER TABLE `cage` DISABLE KEYS */;
INSERT INTO `cage` VALUES ('HC-48'),('LC-29'),('LC-31'),('LC-6'),('LC-8'),('LC-9');
/*!40000 ALTER TABLE `cage` ENABLE KEYS */;
UNLOCK TABLES;

--
-- Table structure for table `colony`
--

DROP TABLE IF EXISTS `colony`;
/*!40101 SET @saved_cs_client     = @@character_set_client */;
/*!40101 SET character_set_client = utf8 */;
CREATE TABLE `colony` (
  `col_id` varchar(20) NOT NULL DEFAULT '',
  `disease` varchar(20) DEFAULT NULL,
  `CNV` varchar(20) DEFAULT NULL,
  PRIMARY KEY (`col_id`)
) ENGINE=InnoDB DEFAULT CHARSET=latin1;
/*!40101 SET character_set_client = @saved_cs_client */;

--
-- Dumping data for table `colony`
--

LOCK TABLES `colony` WRITE;
/*!40000 ALTER TABLE `colony` DISABLE KEYS */;
INSERT INTO `colony` VALUES ('1','C57','C57'),('2','LCN','LCN'),('3','HCN','HCN'),('4','SOD','SOD');
/*!40000 ALTER TABLE `colony` ENABLE KEYS */;
UNLOCK TABLES;
/*!50003 SET @saved_cs_client      = @@character_set_client */ ;
/*!50003 SET @saved_cs_results     = @@character_set_results */ ;
/*!50003 SET @saved_col_connection = @@collation_connection */ ;
/*!50003 SET character_set_client  = utf8 */ ;
/*!50003 SET character_set_results = utf8 */ ;
/*!50003 SET collation_connection  = utf8_general_ci */ ;
/*!50003 SET @saved_sql_mode       = @@sql_mode */ ;
/*!50003 SET sql_mode              = '' */ ;
DELIMITER ;;
/*!50003 CREATE*/ /*!50017 DEFINER=`root`@`localhost`*/ /*!50003 TRIGGER archive_deleted_colonies
BEFORE DELETE ON colony
FOR EACH ROW
BEGIN
INSERT INTO archived_colony
SET col_id=OLD.col_id, disease=OLD.disease, CNV=OLD.CNV;
END */;;
DELIMITER ;
/*!50003 SET sql_mode              = @saved_sql_mode */ ;
/*!50003 SET character_set_client  = @saved_cs_client */ ;
/*!50003 SET character_set_results = @saved_cs_results */ ;
/*!50003 SET collation_connection  = @saved_col_connection */ ;

--
-- Table structure for table `consensus`
--

DROP TABLE IF EXISTS `consensus`;
/*!40101 SET @saved_cs_client     = @@character_set_client */;
/*!40101 SET character_set_client = utf8 */;
CREATE TABLE `consensus` (
  `m_id` varchar(20) NOT NULL DEFAULT '',
  `Jaw_rate` double DEFAULT NULL,
  `ETT` double DEFAULT NULL,
  `test_date` date NOT NULL DEFAULT '0000-00-00',
  `bolus_area` double DEFAULT NULL,
  `EEB4secS` varchar(20) DEFAULT NULL,
  `bodyweight` double DEFAULT NULL,
  `Num_Swall` double DEFAULT NULL,
  `Trial` double NOT NULL DEFAULT '0',
  `ISI_P1` double DEFAULT NULL,
  `PTT_P2` double DEFAULT NULL,
  `Jaw_cycle` double DEFAULT NULL,
  `PTT_P1` double DEFAULT NULL,
  `ISI_P2` double DEFAULT NULL,
  `Swall_rate` double DEFAULT NULL,
  `age_month` double DEFAULT NULL,
  `age_group` varchar(20) DEFAULT NULL,
  PRIMARY KEY (`m_id`,`Trial`,`test_date`),
  KEY `test_date_index` (`test_date`),
  KEY `id_age_index` (`m_id`,`age_month`) USING BTREE,
  KEY `rate_id_index` (`Jaw_rate`,`m_id`)
) ENGINE=InnoDB DEFAULT CHARSET=latin1;
/*!40101 SET character_set_client = @saved_cs_client */;

--
-- Dumping data for table `consensus`
--

LOCK TABLES `consensus` WRITE;
/*!40000 ALTER TABLE `consensus` DISABLE KEYS */;
INSERT INTO `consensus` VALUES ('123',0.033333333333333,-0.96666666666667,'2016-05-06',0.2,' 1:1.1',100,1,1,0,0,1,0,0,1,4,'3'),('123',0.033333333333333,-0.96666666666667,'2016-05-06',0.2,' 1:1.1',100,1,2,0,0,1,0,0,1,4,'3'),('123',0.033333333333333,-0.96666666666667,'2016-05-06',0.2,' 1:1.1',100,1,3,0,0,1,0,-60,1,4,'3'),('123',0.033333333333333,-0.96666666666667,'2016-05-06',0.2,' 1:1.1',100,1,4,0,0,1,-60,0,1,4,'3'),('123',0.033333333333333,-0.96666666666667,'2016-05-06',0.2,' 1:1.1',100,1,5,61.033333333333,0,1,61.033333333333,0,1,4,'3'),('H601',0.033333333333333,-0.96666666666667,'1234-05-02',0.51666666666667,' N',100,1,1,0,0,1,0,0,1,4,'3'),('H602',9,NULL,'2014-08-08',0.06,NULL,NULL,NULL,1,0.7,NULL,5,0.1,NULL,4,4.4,NULL),('H602',9,NULL,'2014-08-08',NULL,NULL,NULL,NULL,2,0.63,NULL,4,0.1,NULL,3,4.4,NULL),('H602',9,NULL,'2014-08-08',NULL,NULL,NULL,NULL,3,0.67,NULL,5,0.1,NULL,4,4.4,NULL),('H602',9,NULL,'2014-08-08',NULL,NULL,NULL,NULL,4,0.63,NULL,5,0.07,NULL,5,4.4,NULL),('H602',9,NULL,'2014-08-08',NULL,NULL,NULL,NULL,5,0.57,NULL,4,0.1,NULL,3,4.4,NULL),('H608',10,NULL,'2014-08-08',0.052,NULL,NULL,NULL,1,0.37,NULL,3,0.1,NULL,5,3.9,NULL),('H608',9,NULL,'2014-08-08',NULL,NULL,NULL,NULL,2,0.4,NULL,3,0.1,NULL,6,3.9,NULL),('H608',9,NULL,'2014-08-08',NULL,NULL,NULL,NULL,3,0.6,NULL,5,0.07,NULL,5,3.9,NULL),('H608',9,NULL,'2014-08-08',NULL,NULL,NULL,NULL,4,0.7,NULL,6,0.1,NULL,4,3.9,NULL),('H608',9,NULL,'2014-08-08',NULL,NULL,NULL,NULL,5,0.33,NULL,2,0.07,NULL,6,3.9,NULL),('H609',6,NULL,'2014-08-04',0.058,NULL,NULL,NULL,1,0.5,NULL,2,0.03,NULL,3,3.7,NULL),('H609',5,NULL,'2014-08-04',NULL,NULL,NULL,NULL,2,0.37,NULL,1,0.07,NULL,4,3.7,NULL),('H609',5,NULL,'2014-08-04',NULL,NULL,NULL,NULL,3,0.67,NULL,3,0.07,NULL,3,3.7,NULL),('H609',6,NULL,'2014-08-04',NULL,NULL,NULL,NULL,4,0.77,NULL,4,0.1,NULL,3,3.7,NULL),('H609',5,NULL,'2014-08-04',NULL,NULL,NULL,NULL,5,0.8,NULL,4,0.07,NULL,3,3.7,NULL),('H610',9,NULL,'2014-08-04',0.053,NULL,NULL,NULL,1,0.5,NULL,4,0.07,NULL,5,3.7,NULL),('H610',9,NULL,'2014-08-04',NULL,NULL,NULL,NULL,2,0.3,NULL,2,0.1,NULL,5,3.7,NULL),('H610',8,NULL,'2014-08-04',NULL,NULL,NULL,NULL,3,0.43,NULL,3,0.1,NULL,6,3.7,NULL),('H610',9,NULL,'2014-08-04',NULL,NULL,NULL,NULL,4,0.43,NULL,3,0.07,NULL,6,3.7,NULL),('H610',8,NULL,'2014-08-04',NULL,NULL,NULL,NULL,5,0.47,NULL,3,0.07,NULL,5,3.7,NULL),('H611',9,NULL,'2014-08-04',0.04,NULL,NULL,NULL,1,0.5,NULL,4,0.1,NULL,4,3.7,NULL),('H611',8,NULL,'2014-08-04',NULL,NULL,NULL,NULL,2,0.33,NULL,2,0.1,NULL,4,3.7,NULL),('H611',8,NULL,'2014-08-04',NULL,NULL,NULL,NULL,3,0.5,NULL,3,0.07,NULL,4,3.7,NULL),('H611',8,NULL,'2014-08-04',NULL,NULL,NULL,NULL,4,0.57,NULL,5,0.1,NULL,3,3.7,NULL),('H611',9,NULL,'2014-08-04',NULL,NULL,NULL,NULL,5,0.53,NULL,4,0.1,NULL,3,3.7,NULL),('H612',9,NULL,'2014-08-04',0.039,NULL,NULL,NULL,1,0.6,NULL,5,0.1,NULL,4,3.7,NULL),('H612',8,NULL,'2014-08-04',NULL,NULL,NULL,NULL,2,0.73,NULL,6,0.1,NULL,3,3.7,NULL),('H612',8,NULL,'2014-08-04',NULL,NULL,NULL,NULL,3,0.47,NULL,3,0.1,NULL,5,3.7,NULL),('H612',8,NULL,'2014-08-04',NULL,NULL,NULL,NULL,4,0.47,NULL,3,0.1,NULL,4,3.7,NULL),('H612',8,NULL,'2014-08-04',NULL,NULL,NULL,NULL,5,0.77,NULL,6,0.07,NULL,5,3.7,NULL),('H613',10,NULL,'2014-08-04',0.053,NULL,NULL,NULL,1,0.57,NULL,4,0.1,NULL,5,3.7,NULL),('H613',9,NULL,'2014-08-04',NULL,NULL,NULL,NULL,2,0.3,NULL,2,0.07,NULL,8,3.7,NULL),('H613',9,NULL,'2014-08-04',NULL,NULL,NULL,NULL,3,0.3,NULL,2,0.1,NULL,7,3.7,NULL),('H613',9,NULL,'2014-08-04',NULL,NULL,NULL,NULL,4,0.3,NULL,2,0.1,NULL,6,3.7,NULL),('H613',9,NULL,'2014-08-04',NULL,NULL,NULL,NULL,5,0.3,NULL,2,0.07,NULL,7,3.7,NULL),('H618',9,NULL,'2014-09-05',0.076,NULL,NULL,NULL,1,0.57,NULL,5,0.07,NULL,4,4,NULL),('H618',9,NULL,'2014-09-05',NULL,NULL,NULL,NULL,2,0.6,NULL,5,0.07,NULL,4,4,NULL),('H618',9,NULL,'2014-09-05',NULL,NULL,NULL,NULL,3,0.53,NULL,4,0.1,NULL,4,4,NULL),('H618',9,NULL,'2014-09-05',NULL,NULL,NULL,NULL,4,0.53,NULL,4,0.07,NULL,4,4,NULL),('H618',8,NULL,'2014-09-05',NULL,NULL,NULL,NULL,5,0.63,NULL,5,0.1,NULL,3,4,NULL),('H619',7,NULL,'2014-09-05',NULL,NULL,NULL,NULL,1,0.8,NULL,5,0.1,NULL,3,4,NULL),('H619',6,NULL,'2014-09-05',NULL,NULL,NULL,NULL,2,0.73,NULL,4,0.07,NULL,3,4,NULL),('H619',6,NULL,'2014-09-05',NULL,NULL,NULL,NULL,3,0.87,NULL,5,0.1,NULL,3,4,NULL),('H619',6,NULL,'2014-09-05',NULL,NULL,NULL,NULL,4,0.77,NULL,4,0.1,NULL,3,4,NULL),('H619',6,NULL,'2014-09-05',NULL,NULL,NULL,NULL,5,0.97,NULL,6,0.1,NULL,2,4,NULL),('H620',7,NULL,'2014-09-03',0.049,NULL,NULL,NULL,1,0.33,NULL,1,0.07,NULL,4,3.96,NULL),('H620',4,NULL,'2014-09-03',NULL,NULL,NULL,NULL,2,1.23,NULL,6,0.1,NULL,3,3.96,NULL),('H620',2,NULL,'2014-09-03',NULL,NULL,NULL,NULL,3,1.37,NULL,2,0.07,NULL,2,3.96,NULL),('H620',NULL,NULL,'2014-09-03',NULL,NULL,NULL,NULL,4,NULL,NULL,NULL,NULL,NULL,NULL,3.96,NULL),('H620',NULL,NULL,'2014-09-03',NULL,NULL,NULL,NULL,5,NULL,NULL,NULL,NULL,NULL,NULL,3.96,NULL),('H622',7,NULL,'2014-09-03',0.033,NULL,NULL,NULL,1,0.6,NULL,4,0.07,NULL,4,3.96,NULL),('H622',7,NULL,'2014-09-03',NULL,NULL,NULL,NULL,2,0.67,NULL,4,0.07,NULL,3,3.96,NULL),('H622',6,NULL,'2014-09-03',NULL,NULL,NULL,NULL,3,0.9,NULL,6,0.07,NULL,3,3.96,NULL),('H622',6,NULL,'2014-09-03',NULL,NULL,NULL,NULL,4,0.63,NULL,4,0.07,NULL,3,3.96,NULL),('H622',6,NULL,'2014-09-03',NULL,NULL,NULL,NULL,5,0.83,NULL,5,0.07,NULL,3,3.96,NULL),('H624',7,NULL,'2014-09-03',0.031,NULL,NULL,NULL,1,0.73,NULL,5,0.07,NULL,3,3.96,NULL),('H624',5,NULL,'2014-09-03',NULL,NULL,NULL,NULL,2,0.8,NULL,4,0.1,NULL,3,3.96,NULL),('H624',6,NULL,'2014-09-03',NULL,NULL,NULL,NULL,3,0.63,NULL,4,0.1,NULL,3,3.96,NULL),('H624',4,NULL,'2014-09-03',NULL,NULL,NULL,NULL,4,1.03,NULL,4,0.1,NULL,2,3.96,NULL),('H624',NULL,NULL,'2014-09-03',NULL,NULL,NULL,NULL,5,NULL,NULL,NULL,NULL,NULL,NULL,3.96,NULL),('H625',7,NULL,'2014-09-03',0.043,NULL,NULL,NULL,1,0.67,NULL,4,0.13,NULL,4,3.96,NULL),('H625',6,NULL,'2014-09-03',NULL,NULL,NULL,NULL,2,0.63,NULL,4,0.1,NULL,3,3.96,NULL),('H625',7,NULL,'2014-09-03',NULL,NULL,NULL,NULL,3,0.77,NULL,5,0.07,NULL,3,3.96,NULL),('H625',6,NULL,'2014-09-03',NULL,NULL,NULL,NULL,4,1.17,NULL,7,0.07,NULL,2,3.96,NULL),('H625',NULL,NULL,'2014-09-03',NULL,NULL,NULL,NULL,5,NULL,NULL,NULL,NULL,NULL,NULL,3.96,NULL),('H626',6,NULL,'2014-09-15',0.044,NULL,NULL,NULL,1,0.9,NULL,6,0.07,NULL,3,4.33,NULL),('H626',6,NULL,'2014-09-15',NULL,NULL,NULL,NULL,2,1.13,NULL,6,0.1,NULL,2,4.33,NULL),('H626',6,NULL,'2014-09-15',NULL,NULL,NULL,NULL,3,1.1,NULL,6,0.07,NULL,2,4.33,NULL),('H626',6,NULL,'2014-09-15',NULL,NULL,NULL,NULL,4,1.13,NULL,6,0.07,NULL,2,4.33,NULL),('H626',5,NULL,'2014-09-15',NULL,NULL,NULL,NULL,5,1.1,NULL,6,0.1,NULL,2,4.33,NULL),('H627',8,NULL,'2014-09-15',0.049,NULL,NULL,NULL,1,0.57,NULL,4,0.1,NULL,4,4.33,NULL),('H627',9,NULL,'2014-09-15',NULL,NULL,NULL,NULL,2,0.63,NULL,5,0.07,NULL,4,4.33,NULL),('H627',8,NULL,'2014-09-15',NULL,NULL,NULL,NULL,3,0.63,NULL,5,0.07,NULL,4,4.33,NULL),('H627',8,NULL,'2014-09-15',NULL,NULL,NULL,NULL,4,0.73,NULL,5,0.07,NULL,3,4.33,NULL),('H627',8,NULL,'2014-09-15',NULL,NULL,NULL,NULL,5,0.8,NULL,5,0.07,NULL,3,4.33,NULL),('H628',7,NULL,'2014-10-13',0.06,NULL,NULL,NULL,1,0.53,NULL,4,0.07,NULL,5,4.7,NULL),('H628',7,NULL,'2014-10-13',NULL,NULL,NULL,NULL,2,0.43,NULL,2,0.07,NULL,4,4.7,NULL),('H628',7,NULL,'2014-10-13',NULL,NULL,NULL,NULL,3,0.5,NULL,3,0.07,NULL,4,4.7,NULL),('H628',NULL,NULL,'2014-10-13',NULL,NULL,NULL,NULL,4,NULL,NULL,NULL,NULL,NULL,NULL,4.7,NULL),('H628',NULL,NULL,'2014-10-13',NULL,NULL,NULL,NULL,5,NULL,NULL,NULL,NULL,NULL,NULL,4.7,NULL),('H630',6,NULL,'2014-09-26',0.03,NULL,NULL,NULL,1,0.57,NULL,3,0.1,NULL,3,4.13,NULL),('H630',7,NULL,'2014-09-26',NULL,NULL,NULL,NULL,2,1.17,NULL,7,0.13,NULL,2,4.13,NULL),('H630',6,NULL,'2014-09-26',NULL,NULL,NULL,NULL,3,1.2,NULL,7,0.1,NULL,3,4.13,NULL),('H630',6,NULL,'2014-09-26',NULL,NULL,NULL,NULL,4,0.87,NULL,5,0.1,NULL,3,4.13,NULL),('H630',6,NULL,'2014-09-26',NULL,NULL,NULL,NULL,5,0.57,NULL,3,0.1,NULL,3,4.13,NULL),('H631',7,NULL,'2014-10-13',NULL,NULL,NULL,NULL,1,1.1,NULL,7,0.1,NULL,2,4.7,NULL),('H631',7,NULL,'2014-10-13',NULL,NULL,NULL,NULL,2,1.1,NULL,6,0.1,NULL,2,4.7,NULL),('H631',7,NULL,'2014-10-13',NULL,NULL,NULL,NULL,3,1,NULL,7,0.1,NULL,2,4.7,NULL),('H631',NULL,NULL,'2014-10-13',NULL,NULL,NULL,NULL,4,NULL,NULL,NULL,NULL,NULL,NULL,4.7,NULL),('H631',NULL,NULL,'2014-10-13',NULL,NULL,NULL,NULL,5,NULL,NULL,NULL,NULL,NULL,NULL,4.7,NULL),('H632',9,NULL,'2014-10-13',0.047,NULL,NULL,NULL,1,0.5,NULL,4,0.07,NULL,5,4.7,NULL),('H632',8,NULL,'2014-10-13',NULL,NULL,NULL,NULL,2,0.53,NULL,4,0.07,NULL,5,4.7,NULL),('H632',8,NULL,'2014-10-13',NULL,NULL,NULL,NULL,3,0.53,NULL,4,0.07,NULL,5,4.7,NULL),('H632',8,NULL,'2014-10-13',NULL,NULL,NULL,NULL,4,0.33,NULL,2,0.07,NULL,5,4.7,NULL),('H632',8,NULL,'2014-10-13',NULL,NULL,NULL,NULL,5,0.57,NULL,4,0.1,NULL,4,4.7,NULL),('H633',9,NULL,'2014-10-04',0.057,NULL,NULL,NULL,1,0.93,NULL,8,0.07,NULL,3,4.4,NULL),('H633',8,NULL,'2014-10-04',NULL,NULL,NULL,NULL,2,0.77,NULL,6,0.07,NULL,3,4.4,NULL),('H633',8,NULL,'2014-10-04',NULL,NULL,NULL,NULL,3,0.77,NULL,6,0.07,NULL,3,4.4,NULL),('H633',8,NULL,'2014-10-04',NULL,NULL,NULL,NULL,4,0.87,NULL,6,0.1,NULL,3,4.4,NULL),('H633',8,NULL,'2014-10-04',NULL,NULL,NULL,NULL,5,0.7,NULL,5,0.1,NULL,3,4.4,NULL),('H635',6,NULL,'2014-10-06',0.049,NULL,NULL,NULL,1,0.97,NULL,6,0.1,NULL,3,4.47,NULL),('H635',6,NULL,'2014-10-06',NULL,NULL,NULL,NULL,2,0.47,NULL,2,0.1,NULL,4,4.47,NULL),('H635',6,NULL,'2014-10-06',NULL,NULL,NULL,NULL,3,0.63,NULL,3,0.07,NULL,3,4.47,NULL),('H635',5,NULL,'2014-10-06',NULL,NULL,NULL,NULL,4,0.97,NULL,3,0.07,NULL,3,4.47,NULL),('H635',6,NULL,'2014-10-06',NULL,NULL,NULL,NULL,5,0.97,NULL,6,0.07,NULL,2,4.47,NULL),('H636',9,NULL,'2014-10-06',0.042,NULL,NULL,NULL,1,0.93,NULL,9,0.07,NULL,3,4.47,NULL),('H636',10,NULL,'2014-10-06',NULL,NULL,NULL,NULL,2,0.7,NULL,7,0.1,NULL,4,4.47,NULL),('H636',10,NULL,'2014-10-06',NULL,NULL,NULL,NULL,3,0.6,NULL,5,0.1,NULL,4,4.47,NULL),('H636',9,NULL,'2014-10-06',NULL,NULL,NULL,NULL,4,0.47,NULL,3,0.07,NULL,4,4.47,NULL),('H636',9,NULL,'2014-10-06',NULL,NULL,NULL,NULL,5,0.57,NULL,5,0.07,NULL,3,4.47,NULL),('H662',8,NULL,'2015-01-08',0.035,NULL,NULL,NULL,1,0.77,NULL,6,0.1,NULL,4,3.93,NULL),('H662',8,NULL,'2015-01-08',NULL,NULL,NULL,NULL,2,0.43,NULL,3,0.1,NULL,5,3.93,NULL),('H662',7,NULL,'2015-01-08',NULL,NULL,NULL,NULL,3,0.67,NULL,5,0.1,NULL,3,3.93,NULL),('H662',7,NULL,'2015-01-08',NULL,NULL,NULL,NULL,4,0.7,NULL,5,0.1,NULL,4,3.93,NULL),('H662',NULL,NULL,'2015-01-08',NULL,NULL,NULL,NULL,5,0.7,NULL,NULL,0.1,NULL,3,3.93,NULL),('H663',9,NULL,'2015-01-08',0.039,NULL,NULL,NULL,1,0.57,NULL,5,0.07,NULL,4,3.93,NULL),('H663',9,NULL,'2015-01-08',NULL,NULL,NULL,NULL,2,0.93,NULL,10,0.1,NULL,3,3.93,NULL),('H663',9,NULL,'2015-01-08',NULL,NULL,NULL,NULL,3,0.67,NULL,6,0.07,NULL,5,3.93,NULL),('H663',9,NULL,'2015-01-08',NULL,NULL,NULL,NULL,4,0.63,NULL,5,0.1,NULL,3,3.93,NULL),('H663',8,NULL,'2015-01-08',NULL,NULL,NULL,NULL,5,0.53,NULL,4,0.1,NULL,4,3.93,NULL),('H664',5,NULL,'2015-01-30',0.051,NULL,NULL,NULL,1,1.23,NULL,7,0.1,NULL,2,4.3,NULL),('H664',5,NULL,'2015-01-30',NULL,NULL,NULL,NULL,2,1,NULL,5,0.1,NULL,3,4.3,NULL),('H664',5,NULL,'2015-01-30',NULL,NULL,NULL,NULL,3,0.67,NULL,4,0.1,NULL,3,4.3,NULL),('H664',5,NULL,'2015-01-30',NULL,NULL,NULL,NULL,4,1.23,NULL,5,0.07,NULL,2,4.3,NULL),('H664',5,NULL,'2015-01-30',NULL,NULL,NULL,NULL,5,1.33,NULL,6,0.1,NULL,2,4.3,NULL),('H665',5,NULL,'2015-01-28',0.062,NULL,NULL,NULL,1,1.17,NULL,5,0.07,NULL,3,4.23,NULL),('H665',5,NULL,'2015-01-28',NULL,NULL,NULL,NULL,2,0.43,NULL,1,0.07,NULL,3,4.23,NULL),('H665',3,NULL,'2015-01-28',NULL,NULL,NULL,NULL,3,1.13,NULL,4,0.07,NULL,2,4.23,NULL),('H665',5,NULL,'2015-01-28',NULL,NULL,NULL,NULL,4,1.13,NULL,4,0.07,NULL,2,4.23,NULL),('H665',4,NULL,'2015-01-28',NULL,NULL,NULL,NULL,5,1.37,NULL,6,0.07,NULL,3,4.23,NULL),('H666',9,NULL,'2015-01-30',0.047,NULL,NULL,NULL,1,0.6,NULL,5,0.07,NULL,4,4.3,NULL),('H666',8,NULL,'2015-01-30',NULL,NULL,NULL,NULL,2,0.77,NULL,6,0.07,NULL,3,4.3,NULL),('H666',8,NULL,'2015-01-30',NULL,NULL,NULL,NULL,3,0.9,NULL,7,0.07,NULL,3,4.3,NULL),('H666',8,NULL,'2015-01-30',NULL,NULL,NULL,NULL,4,0.9,NULL,7,0.07,NULL,3,4.3,NULL),('H666',8,NULL,'2015-01-30',NULL,NULL,NULL,NULL,5,0.9,NULL,7,0.07,NULL,3,4.3,NULL),('H667',9,NULL,'2015-01-30',0.058,NULL,NULL,NULL,1,0.4,NULL,3,0.1,NULL,4,4.3,NULL),('H667',9,NULL,'2015-01-30',NULL,NULL,NULL,NULL,2,0.9,NULL,9,0.1,NULL,4,4.3,NULL),('H667',8,NULL,'2015-01-30',NULL,NULL,NULL,NULL,3,0.53,NULL,4,0.1,NULL,4,4.3,NULL),('H667',8,NULL,'2015-01-30',NULL,NULL,NULL,NULL,4,0.53,NULL,4,0.07,NULL,4,4.3,NULL),('H667',8,NULL,'2015-01-30',NULL,NULL,NULL,NULL,5,0.67,NULL,5,0.1,NULL,4,4.3,NULL),('H668',7,NULL,'2015-01-28',0.051,NULL,NULL,NULL,1,0.5,NULL,2,0.1,NULL,4,4.23,NULL),('H668',7,NULL,'2015-01-28',NULL,NULL,NULL,NULL,2,0.53,NULL,3,0.1,NULL,4,4.23,NULL),('H668',7,NULL,'2015-01-28',NULL,NULL,NULL,NULL,3,0.53,NULL,3,0.07,NULL,4,4.23,NULL),('H668',7,NULL,'2015-01-28',NULL,NULL,NULL,NULL,4,0.57,NULL,3,0.1,NULL,3,4.23,NULL),('H668',NULL,NULL,'2015-01-28',NULL,NULL,NULL,NULL,5,0.63,NULL,3,0.1,NULL,2,4.23,NULL),('H669',9,NULL,'2015-02-04',0.048,NULL,NULL,NULL,1,0.53,NULL,4,0.07,NULL,4,4.47,NULL),('H669',8,NULL,'2015-02-04',NULL,NULL,NULL,NULL,2,0.57,NULL,4,0.07,NULL,4,4.47,NULL),('H669',8,NULL,'2015-02-04',NULL,NULL,NULL,NULL,3,0.6,NULL,4,0.1,NULL,4,4.47,NULL),('H669',8,NULL,'2015-02-04',NULL,NULL,NULL,NULL,4,0.73,NULL,6,0.07,NULL,4,4.47,NULL),('H669',8,NULL,'2015-02-04',NULL,NULL,NULL,NULL,5,0.37,NULL,3,0.13,NULL,4,4.47,NULL),('H670',7,NULL,'2015-01-28',0.038,NULL,NULL,NULL,1,1.1,NULL,6,0.1,NULL,2,4.23,NULL),('H670',6,NULL,'2015-01-28',NULL,NULL,NULL,NULL,2,0.67,NULL,4,0.07,NULL,3,4.23,NULL),('H670',7,NULL,'2015-01-28',NULL,NULL,NULL,NULL,3,1.03,NULL,6,0.1,NULL,3,4.23,NULL),('H670',7,NULL,'2015-01-28',NULL,NULL,NULL,NULL,4,0.67,NULL,4,0.1,NULL,3,4.23,NULL),('H670',6,NULL,'2015-01-28',NULL,NULL,NULL,NULL,5,0.7,NULL,4,0.1,NULL,3,4.23,NULL),('H678',7,NULL,'2013-01-22',0.034,NULL,NULL,NULL,1,0.37,NULL,2,0.1,NULL,5,4,NULL),('H678',7,NULL,'2013-01-22',NULL,NULL,NULL,NULL,2,0.5,NULL,3,0.1,NULL,4,4,NULL),('H678',7,NULL,'2013-01-22',NULL,NULL,NULL,NULL,3,0.53,NULL,3,0.1,NULL,4,4,NULL),('H678',7,NULL,'2013-01-22',NULL,NULL,NULL,NULL,4,0.9,NULL,6,0.1,NULL,3,4,NULL),('H678',7,NULL,'2013-01-22',NULL,NULL,NULL,NULL,5,0.7,NULL,4,0.1,NULL,3,4,NULL),('H679',11,NULL,'2015-01-29',0.061,NULL,NULL,NULL,1,0.83,NULL,10,0.1,NULL,4,4.2,NULL),('H679',9,NULL,'2015-01-29',NULL,NULL,NULL,NULL,2,0.57,NULL,5,0.07,NULL,4,4.2,NULL),('H679',9,NULL,'2015-01-29',NULL,NULL,NULL,NULL,3,0.47,NULL,4,0.07,NULL,4,4.2,NULL),('H679',9,NULL,'2015-01-29',NULL,NULL,NULL,NULL,4,0.57,NULL,5,0.07,NULL,4,4.2,NULL),('H679',9,NULL,'2015-01-29',NULL,NULL,NULL,NULL,5,0.67,NULL,6,0.1,NULL,4,4.2,NULL),('H680',7,NULL,'2015-02-04',0.034,NULL,NULL,NULL,1,0.97,NULL,7,0.07,NULL,3,4.4,NULL),('H680',7,NULL,'2015-02-04',NULL,NULL,NULL,NULL,2,0.8,NULL,5,0.1,NULL,3,4.4,NULL),('H680',7,NULL,'2015-02-04',NULL,NULL,NULL,NULL,3,0.9,NULL,6,0.1,NULL,3,4.4,NULL),('H680',7,NULL,'2015-02-04',NULL,NULL,NULL,NULL,4,0.8,NULL,5,0.07,NULL,3,4.4,NULL),('H680',7,NULL,'2015-02-04',NULL,NULL,NULL,NULL,5,0.97,NULL,6,0.07,NULL,2,4.4,NULL),('H681',10,NULL,'2015-01-29',0.051,NULL,NULL,NULL,1,0.67,NULL,6,0.07,NULL,3,4.2,NULL),('H681',10,NULL,'2015-01-29',NULL,NULL,NULL,NULL,2,0.2,NULL,1,0.07,NULL,5,4.2,NULL),('H681',9,NULL,'2015-01-29',NULL,NULL,NULL,NULL,3,0.6,NULL,5,0.07,NULL,4,4.2,NULL),('H681',9,NULL,'2015-01-29',NULL,NULL,NULL,NULL,4,0.7,NULL,6,0.07,NULL,4,4.2,NULL),('H681',9,NULL,'2015-01-29',NULL,NULL,NULL,NULL,5,0.57,NULL,5,0.07,NULL,4,4.2,NULL),('H683',6,NULL,'2015-02-04',0.048,NULL,NULL,NULL,1,1.33,NULL,8,0.1,NULL,2,4.4,NULL),('H683',NULL,NULL,'2015-02-04',NULL,NULL,NULL,NULL,2,1.5,NULL,NULL,0.1,NULL,2,4.4,NULL),('H683',5,NULL,'2015-02-04',NULL,NULL,NULL,NULL,3,1.47,NULL,7,0.1,NULL,2,4.4,NULL),('H683',5,NULL,'2015-02-04',NULL,NULL,NULL,NULL,4,1.5,NULL,8,0.1,NULL,2,4.4,NULL),('H683',6,NULL,'2015-02-04',NULL,NULL,NULL,NULL,5,1.43,NULL,8,0.1,NULL,2,4.4,NULL),('H684',9,NULL,'2015-01-29',0.046,NULL,NULL,NULL,1,0.9,NULL,7,0.1,NULL,3,4.2,NULL),('H684',8,NULL,'2015-01-29',NULL,NULL,NULL,NULL,2,0.57,NULL,4,0.07,NULL,4,4.2,NULL),('H684',7,NULL,'2015-01-29',NULL,NULL,NULL,NULL,3,0.77,NULL,5,0.1,NULL,4,4.2,NULL),('H684',7,NULL,'2015-01-29',NULL,NULL,NULL,NULL,4,0.6,NULL,4,0.07,NULL,4,4.2,NULL),('H684',7,NULL,'2015-01-29',NULL,NULL,NULL,NULL,5,0.63,NULL,4,0.1,NULL,4,4.2,NULL),('H685',9,NULL,'2015-01-29',0.068,NULL,NULL,NULL,1,0.7,NULL,6,0.07,NULL,5,4.2,NULL),('H685',8,NULL,'2015-01-29',NULL,NULL,NULL,NULL,2,0.57,NULL,4,0.1,NULL,4,4.2,NULL),('H685',8,NULL,'2015-01-29',NULL,NULL,NULL,NULL,3,0.33,NULL,3,0.1,NULL,5,4.2,NULL),('H685',8,NULL,'2015-01-29',NULL,NULL,NULL,NULL,4,0.53,NULL,4,0.1,NULL,4,4.2,NULL),('H685',8,NULL,'2015-01-29',NULL,NULL,NULL,NULL,5,0.43,NULL,3,0.07,NULL,5,4.2,NULL),('H686',9,NULL,'2015-01-29',0.052,NULL,NULL,NULL,1,0.53,NULL,4,0.1,NULL,4,4.2,NULL),('H686',9,NULL,'2015-01-29',NULL,NULL,NULL,NULL,2,0.93,NULL,8,0.1,NULL,3,4.2,NULL),('H686',9,NULL,'2015-01-29',NULL,NULL,NULL,NULL,3,0.5,NULL,4,0.07,NULL,4,4.2,NULL),('H686',9,NULL,'2015-01-29',NULL,NULL,NULL,NULL,4,0.33,NULL,2,0.07,NULL,4,4.2,NULL),('H686',9,NULL,'2015-01-29',NULL,NULL,NULL,NULL,5,0.83,NULL,7,0.07,NULL,4,4.2,NULL),('H688',7,NULL,'2015-01-29',0.042,NULL,NULL,NULL,1,0.8,NULL,5,0.07,NULL,3,4.2,NULL),('H688',7,NULL,'2015-01-29',NULL,NULL,NULL,NULL,2,0.93,NULL,6,0.13,NULL,3,4.2,NULL),('H688',7,NULL,'2015-01-29',NULL,NULL,NULL,NULL,3,0.87,NULL,5,0.1,NULL,3,4.2,NULL),('H688',6,NULL,'2015-01-29',NULL,NULL,NULL,NULL,4,0.83,NULL,5,0.1,NULL,3,4.2,NULL),('H688',6,NULL,'2015-01-29',NULL,NULL,NULL,NULL,5,0.83,NULL,5,0.1,NULL,3,4.2,NULL),('H690',9,NULL,'2015-01-30',0.058,NULL,NULL,NULL,1,0.4,NULL,3,0.1,NULL,5,3.93,NULL),('H690',9,NULL,'2015-01-30',NULL,NULL,NULL,NULL,2,0.53,NULL,4,0.07,NULL,4,3.93,NULL),('H690',9,NULL,'2015-01-30',NULL,NULL,NULL,NULL,3,0.6,NULL,5,0.07,NULL,3,3.93,NULL),('H690',9,NULL,'2015-01-30',NULL,NULL,NULL,NULL,4,0.63,NULL,6,0.07,NULL,4,3.93,NULL),('H690',9,NULL,'2015-01-30',NULL,NULL,NULL,NULL,5,0.6,NULL,5,0.07,NULL,4,3.93,NULL),('H691',5,NULL,'2015-01-30',0.045,NULL,NULL,NULL,1,1.3,NULL,7,0.13,NULL,2,3.93,NULL),('H691',6,NULL,'2015-01-30',NULL,NULL,NULL,NULL,2,0.73,NULL,3,0.07,NULL,3,3.93,NULL),('H691',6,NULL,'2015-01-30',NULL,NULL,NULL,NULL,3,1.1,NULL,6,0.1,NULL,2,3.93,NULL),('H691',7,NULL,'2015-01-30',NULL,NULL,NULL,NULL,4,1.6,NULL,9,0.1,NULL,2,3.93,NULL),('H691',6,NULL,'2015-01-30',NULL,NULL,NULL,NULL,5,1.37,NULL,8,0.07,NULL,2,3.93,NULL),('L124',7,0.7,'2015-01-02',NULL,'0',NULL,1,1,0.87,NULL,6,0.1,NULL,3,8.53,'End-stage'),('L124',7,0.77,'2015-01-02',NULL,'0',NULL,1,2,0.77,NULL,5,0.07,NULL,3,8.53,'End-stage'),('L124',7,0.73,'2015-01-02',NULL,'0',NULL,1,3,0.6,NULL,5,0.07,NULL,3,8.53,'End-stage'),('L124',7,0.73,'2015-01-02',NULL,'0',NULL,1,4,0.8,NULL,5,0.1,NULL,3,8.53,'End-stage'),('L124',6,0.73,'2015-01-02',NULL,'0',NULL,1,5,0.77,NULL,5,0.07,NULL,3,8.53,'End-stage'),('L132X',7,2.47,'2015-01-06',NULL,'0',NULL,5,1,0.4,NULL,2,0.07,NULL,4,8.1,'End-stage'),('L132X',7,1.23,'2015-01-06',NULL,'0',NULL,3,2,0.77,NULL,5,0.07,NULL,4,8.1,'End-stage'),('L132X',7,1.3,'2015-01-06',NULL,'0',NULL,3,3,0.4,NULL,2,0.07,NULL,4,8.1,'End-stage'),('L132X',7,1.3,'2015-01-06',NULL,'0',NULL,3,4,0.57,NULL,3,0.07,NULL,4,8.1,'End-stage'),('L132X',6,1.4,'2015-01-06',NULL,'0',NULL,3,5,0.6,NULL,3,0.1,NULL,4,8.1,'End-stage'),('L142',7,1.63,'2015-03-23',NULL,'0',NULL,2,1,0.77,NULL,5,0.1,NULL,3,9.666,'End-stage'),('L142',7,0.7,'2015-03-23',NULL,'0',NULL,1,2,0.67,NULL,4,0.07,NULL,4,9.666,'End-stage'),('L142',6,0.77,'2015-03-23',NULL,'0',NULL,1,3,0.43,NULL,2,0.1,NULL,4,9.666,'End-stage'),('L142',6,0.67,'2015-03-23',NULL,'0',NULL,1,4,0.57,NULL,3,0.07,NULL,3,9.666,'End-stage'),('L142',6,0.67,'2015-03-23',NULL,'0',NULL,1,5,0.73,NULL,4,0.07,NULL,3,9.666,'End-stage'),('L165X',6,NULL,'2015-03-02',NULL,NULL,NULL,NULL,1,1.07,NULL,5,0.07,NULL,2,8.13,'End-stage'),('L165X',5,NULL,'2015-03-02',NULL,NULL,NULL,NULL,2,0.37,NULL,1,0.07,NULL,3,8.13,'End-stage'),('L165X',6,NULL,'2015-03-02',NULL,NULL,NULL,NULL,3,0.97,NULL,6,0.07,NULL,3,8.13,'End-stage'),('L165X',4,NULL,'2015-03-02',NULL,NULL,NULL,NULL,4,1.27,NULL,7,0.07,NULL,2,8.13,'End-stage'),('L165X',6,NULL,'2015-03-02',NULL,NULL,NULL,NULL,5,1.13,NULL,7,0.1,NULL,2,8.13,'End-stage'),('L171X',6,1.83,'2015-03-23',NULL,'0',NULL,3,1,0.7,NULL,4,0.1,NULL,3,8.7,'End-stage'),('L171X',6,1.07,'2015-03-23',NULL,'0',NULL,2,2,0.33,NULL,1,0.1,NULL,4,8.7,'End-stage'),('L171X',6,1.7,'2015-03-23',NULL,'0',NULL,3,3,0.43,NULL,2,0.1,NULL,4,8.7,'End-stage'),('L171X',6,1.63,'2015-03-23',NULL,'0',NULL,3,4,0.47,NULL,2,0.1,NULL,4,8.7,'End-stage'),('L171X',8,1,'2015-03-23',NULL,'0',NULL,2,5,0.73,NULL,4,0.07,NULL,3,8.7,'End-stage'),('L173X',8,0.73,'2015-04-10',NULL,'0',NULL,2,1,0.33,NULL,3,0.1,NULL,5,9.366,'End-stage'),('L173X',8,0.7,'2015-04-10',NULL,'0',NULL,2,2,0.5,NULL,3,0.17,NULL,4,9.366,'End-stage'),('L173X',8,0.77,'2015-04-10',NULL,'0',NULL,2,3,0.33,NULL,2,0.13,NULL,5,9.366,'End-stage'),('L173X',8,0.63,'2015-04-10',NULL,'0',NULL,2,4,0.57,NULL,4,0.13,NULL,4,9.366,'End-stage'),('L173X',8,1.3,'2015-04-10',NULL,'0',NULL,3,5,0.7,NULL,5,0.13,NULL,4,9.366,'End-stage'),('L174X',7,1.53,'2015-03-17',NULL,'0',NULL,2,1,0.5,NULL,3,0.1,NULL,4,8.5,'End-stage'),('L174X',6,0.73,'2015-03-17',NULL,'0',NULL,2,2,0.63,NULL,3,0.13,NULL,3,8.5,'End-stage'),('L174X',6,0.7,'2015-03-17',NULL,'0',NULL,1,3,0.73,NULL,4,0.13,NULL,3,8.5,'End-stage'),('L174X',6,0.7,'2015-03-17',NULL,'0',NULL,1,4,0.73,NULL,4,0.1,NULL,3,8.5,'End-stage'),('L174X',6,0.7,'2015-03-17',NULL,'0',NULL,1,5,0.73,NULL,4,0.1,NULL,3,8.5,'End-stage'),('L182X',7,1.63,'2015-03-17',NULL,'0',NULL,5,1,0.53,NULL,3,0.1,NULL,5,8.03,'End-stage'),('L182X',6,1.2,'2015-03-17',NULL,'0',NULL,2,2,0.67,NULL,4,0.1,NULL,4,8.03,'End-stage'),('L182X',6,1.6,'2015-03-17',NULL,'0',NULL,3,3,0.57,NULL,3,0.07,NULL,4,8.03,'End-stage'),('L182X',6,0.83,'2015-03-17',NULL,'0',NULL,2,4,0.7,NULL,4,0.1,NULL,3,8.03,'End-stage'),('L182X',7,1.43,'2015-03-17',NULL,'0',NULL,3,5,0.73,NULL,4,0.1,NULL,4,8.03,'End-stage'),('L184X',6,1.37,'2015-03-05',NULL,'0',NULL,2,1,0.7,NULL,4,0.1,NULL,3,7.56,'End-stage'),('L184X',6,1.27,'2015-03-05',NULL,'0',NULL,1,2,0.87,NULL,4,0.07,NULL,3,7.56,'End-stage'),('L184X',6,1.77,'2015-03-05',NULL,'0',NULL,1,3,1.1,NULL,7,0.13,NULL,2,7.56,'End-stage'),('L184X',5,1.43,'2015-03-05',NULL,'0',NULL,2,4,1.13,NULL,5,0.13,NULL,2,7.56,'End-stage'),('L184X',6,1.47,'2015-03-05',NULL,'0',NULL,2,5,0.83,NULL,5,0.1,NULL,3,7.56,'End-stage'),('L197X',7,1.63,'2015-03-17',NULL,'0',NULL,3,1,0.5,NULL,3,0.07,NULL,5,7.73,'End-stage'),('L197X',6,0.9,'2015-03-17',NULL,'0',NULL,2,2,0.57,NULL,3,0.1,NULL,4,7.73,'End-stage'),('L197X',6,1.67,'2015-03-17',NULL,'0',NULL,3,3,0.57,NULL,3,0.1,NULL,4,7.73,'End-stage'),('L197X',6,0.8,'2015-03-17',NULL,'0',NULL,2,4,0.6,NULL,3,0.1,NULL,4,7.73,'End-stage'),('L197X',7,0.9,'2015-03-17',NULL,'0',NULL,1,5,0.43,NULL,2,0.07,NULL,5,7.73,'End-stage'),('L198X',7,0.8,'2015-03-02',NULL,'0',NULL,1,1,0.93,NULL,6,0.1,NULL,3,6.33,'End-stage'),('L198X',7,0.9,'2015-03-02',NULL,'0',NULL,1,2,1.23,NULL,9,0.1,NULL,3,6.33,'End-stage'),('L198X',6,2.1,'2015-03-02',NULL,'0',NULL,2,3,1.07,NULL,7,0.1,NULL,3,6.33,'End-stage'),('L198X',7,0.73,'2015-03-02',NULL,'0',NULL,1,4,0.3,NULL,2,0.1,NULL,3,6.33,'End-stage'),('L198X',7,0.77,'2015-03-02',NULL,'0',NULL,1,5,0.63,NULL,4,0.07,NULL,3,6.33,'End-stage'),('L202x',8,0.57,'2015-01-08',NULL,'0',NULL,1,1,0.5,NULL,4,0.07,NULL,6,4.9,'5 Months'),('L202x',8,0.77,'2015-01-08',NULL,'0',NULL,3,2,0.3,NULL,2,0.07,NULL,6,4.9,'5 Months'),('L202x',8,0.7,'2015-01-08',NULL,'0',NULL,2,3,0.33,NULL,2,0.07,NULL,5,4.9,'5 Months'),('L202x',7,0.53,'2015-01-08',NULL,'0',NULL,2,4,0.37,NULL,2,0.07,NULL,5,4.9,'5 Months'),('L202x',8,0.67,'2015-01-08',NULL,'0',NULL,3,5,0.5,NULL,3,0.1,NULL,5,4.9,'5 Months'),('L203x',9,1.3,'2015-01-08',NULL,'0',NULL,3,1,0.7,NULL,6,0.07,NULL,4,4.9,'5 Months'),('L203x',8,0.83,'2015-01-08',NULL,'0',NULL,3,2,0.43,NULL,3,0.07,NULL,6,4.9,'5 Months'),('L203x',8,0.57,'2015-01-08',NULL,'0',NULL,2,3,0.33,NULL,2,0.1,NULL,6,4.9,'5 Months'),('L203x',8,0.83,'2015-01-08',NULL,'0',NULL,3,4,0.47,NULL,3,0.1,NULL,5,4.9,'5 Months'),('L203x',8,0.63,'2015-01-08',NULL,'0',NULL,2,5,0.47,NULL,3,0.07,NULL,5,4.9,'5 Months'),('L204x',9,1.4,'2015-01-08',NULL,'0',NULL,3,1,0.37,NULL,4,0.07,NULL,5,4.9,'5 Months'),('L204x',8,0.93,'2015-01-08',NULL,'0',NULL,3,2,0.33,NULL,2,0.1,NULL,6,4.9,'5 Months'),('L204x',9,0.73,'2015-01-08',NULL,'0',NULL,3,3,0.4,NULL,2,0.07,NULL,6,4.9,'5 Months'),('L204x',8,1.43,'2015-01-08',NULL,'0',NULL,3,4,0.4,NULL,3,0.07,NULL,6,4.9,'5 Months'),('L204x',9,1.03,'2015-01-08',NULL,'0',NULL,3,5,0.43,NULL,3,0.1,NULL,5,4.9,'5 Months'),('L205x',10,1.73,'2015-01-08',NULL,'0',NULL,5,1,0.33,NULL,3,0.1,NULL,6,4.9,'5 Months'),('L205x',9,1.23,'2015-01-08',NULL,'0',NULL,3,2,0.37,NULL,3,0.07,NULL,7,4.9,'5 Months'),('L205x',9,1.3,'2015-01-08',NULL,'0',NULL,3,3,0.37,NULL,3,0.07,NULL,6,4.9,'5 Months'),('L205x',9,1.17,'2015-01-08',NULL,'0',NULL,3,4,0.2,NULL,1,0.07,NULL,6,4.9,'5 Months'),('L205x',9,0.73,'2015-01-08',NULL,'0',NULL,3,5,0.33,NULL,3,0.07,NULL,5,4.9,'5 Months'),('L206x',10,0.87,'2015-01-08',NULL,'0',NULL,2,1,0.53,NULL,4,0.1,NULL,5,4.9,'5 Months'),('L206x',9,1.37,'2015-01-08',NULL,'0',NULL,3,2,0.43,NULL,3,0.1,NULL,5,4.9,'5 Months'),('L206x',9,0.63,'2015-01-08',NULL,'0',NULL,1,3,0.5,NULL,4,0.1,NULL,5,4.9,'5 Months'),('L206x',9,1.17,'2015-01-08',NULL,'0',NULL,3,4,0.33,NULL,2,0.1,NULL,5,4.9,'5 Months'),('L206x',8,0.63,'2015-01-08',NULL,'0',NULL,2,5,0.5,NULL,3,0.1,NULL,4,4.9,'5 Months'),('L207x',9,0.8,'2015-01-08',NULL,'0',NULL,2,1,0.5,NULL,5,0.13,NULL,5,4.9,'5 Months'),('L207x',8,1.93,'2015-01-08',NULL,'0',NULL,4,2,0.5,NULL,4,0.07,NULL,5,4.9,'5 Months'),('L207x',8,1.43,'2015-01-08',NULL,'0',NULL,4,3,0.53,NULL,4,0.07,NULL,4,4.9,'5 Months'),('L207x',8,1.67,'2015-01-08',NULL,'0',NULL,4,4,0.53,NULL,4,0.07,NULL,4,4.9,'5 Months'),('L207x',8,1.23,'2015-01-08',NULL,'0',NULL,3,5,0.53,NULL,4,0.1,NULL,4,4.9,'5 Months'),('L208x',8,1.1,'2015-01-08',NULL,'0',NULL,3,1,0.57,NULL,5,0.1,NULL,5,4.9,'5 Months'),('L208x',8,0.83,'2015-01-08',NULL,'0',NULL,3,2,0.47,NULL,3,0.07,NULL,5,4.9,'5 Months'),('L208x',9,1.2,'2015-01-08',NULL,'0',NULL,3,3,0.37,NULL,3,0.1,NULL,5,4.9,'5 Months'),('L208x',8,1.53,'2015-01-08',NULL,'0',NULL,3,4,0.4,NULL,3,0.07,NULL,5,4.9,'5 Months'),('L208x',8,0.7,'2015-01-08',NULL,'0',NULL,1,5,0.5,NULL,4,0.07,NULL,4,4.9,'5 Months'),('L209x',8,1.27,'2015-01-08',NULL,'0',NULL,1,1,0.43,NULL,3,0.1,NULL,7,4.9,'5 Months'),('L209x',8,0.9,'2015-01-08',NULL,'0',NULL,1,2,0.23,NULL,1,0.1,NULL,6,4.9,'5 Months'),('L209x',8,1.4,'2015-01-08',NULL,'0',NULL,3,3,0.37,NULL,2,0.1,NULL,6,4.9,'5 Months'),('L209x',8,1.17,'2015-01-08',NULL,'0',NULL,3,4,0.37,NULL,2,0.07,NULL,5,4.9,'5 Months'),('L209x',7,0.7,'2015-01-08',NULL,'0',NULL,2,5,0.47,NULL,3,0.07,NULL,4,4.9,'5 Months'),('L210x',8,1.37,'2015-01-08',NULL,'0',NULL,2,1,0.5,NULL,4,0.1,NULL,5,4.9,'5 Months'),('L210x',8,1.3,'2015-01-08',NULL,'0',NULL,2,2,0.57,NULL,4,0.07,NULL,4,4.9,'5 Months'),('L210x',9,1.4,'2015-01-08',NULL,'0',NULL,3,3,0.53,NULL,4,0.1,NULL,4,4.9,'5 Months'),('L210x',8,0.73,'2015-01-08',NULL,'0',NULL,2,4,0.6,NULL,5,0.13,NULL,4,4.9,'5 Months'),('L210x',8,0.7,'2015-01-08',NULL,'0',NULL,2,5,0.67,NULL,5,0.07,NULL,4,4.9,'5 Months'),('L211x',9,0.9,'2015-01-08',NULL,'0',NULL,2,1,0.6,NULL,5,0.1,NULL,5,4.9,'5 Months'),('L211x',9,0.73,'2015-01-08',NULL,'0',NULL,2,2,0.4,NULL,3,0.1,NULL,6,4.9,'5 Months'),('L211x',8,0.7,'2015-01-08',NULL,'0',NULL,2,3,0.23,NULL,1,0.1,NULL,6,4.9,'5 Months'),('L211x',9,0.67,'2015-01-08',NULL,'0',NULL,2,4,0.47,NULL,4,0.13,NULL,6,4.9,'5 Months'),('L211x',8,0.67,'2015-01-08',NULL,'0',NULL,2,5,0.23,NULL,1,0.1,NULL,6,4.9,'5 Months'),('L228',7,1.77,'2015-05-12',NULL,'0',NULL,2,1,0.4,NULL,2,0.1,NULL,3,7.93,'End-stage'),('L228',6,0.97,'2015-05-12',NULL,'0',NULL,2,2,0.77,NULL,4,0.07,NULL,3,7.93,'End-stage'),('L228',5,0.87,'2015-05-12',NULL,'0',NULL,1,3,0.9,NULL,4,0.1,NULL,3,7.93,'End-stage'),('L228',5,2,'2015-05-12',NULL,'0',NULL,3,4,1.07,NULL,5,0.07,NULL,2,7.93,'End-stage'),('L228',5,0.9,'2015-05-12',NULL,'0',NULL,1,5,0.37,NULL,1,0.07,NULL,3,7.93,'End-stage'),('L230',6,0.83,'2015-05-06',NULL,'0',NULL,1,1,0.73,NULL,4,0.1,NULL,3,7.5,'End-stage'),('L230',6,0.7,'2015-05-06',NULL,'0',NULL,1,2,0.8,NULL,4,0.1,NULL,3,7.5,'End-stage'),('L230',5,0.73,'2015-05-06',NULL,'0',NULL,1,3,0.97,NULL,5,0.07,NULL,2,7.5,'End-stage'),('L230',6,0.77,'2015-05-06',NULL,'0',NULL,1,4,1.13,NULL,6,0.1,NULL,2,7.5,'End-stage'),('L230',6,0.53,'2015-05-06',NULL,'0',NULL,1,5,1,NULL,5,0.1,NULL,2,7.5,'End-stage'),('L28',9,1.6,'2014-05-30',0.071,'0',NULL,5,1,0.5,NULL,4,0.1,NULL,5,9.03,'End-stage'),('L28',8,1.17,'2014-05-30',NULL,'0',NULL,6,2,0.43,NULL,3,0.07,NULL,5,9.03,'End-stage'),('L28',9,1.13,'2014-05-30',NULL,'0',NULL,3,3,0.43,0.13,3,0.07,0.53,5,9.03,'End-stage'),('L28',NULL,1.17,'2014-05-30',NULL,'0',NULL,3,4,0.27,0.13,NULL,0.07,0.43,6,9.03,'End-stage'),('L28',NULL,0.6,'2014-05-30',NULL,'0',NULL,2,5,0.53,0.1,NULL,0.1,0.53,4,9.03,'End-stage'),('L29',10,0.6,'2014-05-30',0.048,'0',NULL,1,1,0.63,NULL,7,0.07,NULL,4,9.03,'End-stage'),('L29',9,0.67,'2014-05-30',NULL,'0',NULL,1,2,0.53,NULL,4,0.07,NULL,3,9.03,'End-stage'),('L29',NULL,0.63,'2014-05-30',NULL,'0',NULL,1,3,0.73,NULL,NULL,0.1,NULL,NULL,9.03,'End-stage'),('L29',NULL,0.63,'2014-05-30',NULL,'0',NULL,1,4,NULL,0.1,NULL,NULL,0.93,NULL,9.03,'End-stage'),('L29',NULL,0.63,'2014-05-30',NULL,'0',NULL,1,5,NULL,0.1,NULL,NULL,0.9,NULL,9.03,'End-stage'),('L30',10,1.23,'2014-05-30',0.0337,'0',NULL,3,1,0.87,NULL,8,0.07,NULL,3,9.03,'End-stage'),('L30',9,0.53,'2014-05-30',NULL,'0',NULL,1,2,0.6,NULL,5,0.07,NULL,4,9.03,'End-stage'),('L30',9,0.73,'2014-05-30',NULL,'0',NULL,2,3,0.63,NULL,5,0.07,NULL,4,9.03,'End-stage'),('L30',9,NULL,'2014-05-30',NULL,NULL,NULL,NULL,4,0.5,NULL,4,0.07,NULL,4,9.03,'End-stage'),('L30',9,NULL,'2014-05-30',NULL,NULL,NULL,NULL,5,0.53,NULL,4,0.07,NULL,NULL,9.03,'End-stage'),('L31',8,0.93,'2014-06-03',0.042,'0',NULL,2,1,0.73,NULL,5,0.07,NULL,3,9.13,'End-stage'),('L31',8,0.9,'2014-06-03',NULL,'0',NULL,1,2,0.73,0.1,5,0.1,1.07,3,9.13,'End-stage'),('L31',8,0.97,'2014-06-03',NULL,'0',NULL,1,3,0.83,0.1,6,0.1,1.1,3,9.13,'End-stage'),('L31',NULL,0.97,'2014-06-03',NULL,'0',NULL,1,4,1.1,0.1,NULL,0.1,1.07,3,9.13,'End-stage'),('L31',NULL,NULL,'2014-06-03',NULL,NULL,NULL,NULL,5,1.07,NULL,NULL,0.07,NULL,2,9.13,'End-stage'),('L32',9,0.53,'2014-05-30',0.067,'0',NULL,1,1,0.53,NULL,4,0.07,NULL,4,9.03,'End-stage'),('L32',8,0.57,'2014-05-30',NULL,'0',NULL,1,2,0.5,NULL,4,0.07,NULL,4,9.03,'End-stage'),('L32',NULL,0.6,'2014-05-30',NULL,'0',NULL,1,3,1,NULL,NULL,0.1,NULL,3,9.03,'End-stage'),('L32',NULL,NULL,'2014-05-30',NULL,NULL,NULL,NULL,4,NULL,NULL,NULL,NULL,NULL,NULL,9.03,'End-stage'),('L32',NULL,NULL,'2014-05-30',NULL,NULL,NULL,NULL,5,NULL,NULL,NULL,NULL,NULL,NULL,9.03,'End-stage'),('L35',8,1.33,'2014-05-30',0.066,'0',NULL,3,1,0.57,NULL,4,0.1,NULL,4,9.03,'End-stage'),('L35',8,0.7,'2014-05-30',NULL,'0',NULL,2,2,0.53,NULL,4,0.07,NULL,4,9.03,'End-stage'),('L35',NULL,0.67,'2014-05-30',NULL,'0',NULL,1,3,0.57,NULL,NULL,0.1,NULL,4,9.03,'End-stage'),('L35',NULL,0.57,'2014-05-30',NULL,'0',NULL,1,4,0.77,NULL,NULL,0.1,NULL,3,9.03,'End-stage'),('L35',NULL,NULL,'2014-05-30',NULL,NULL,NULL,NULL,5,NULL,NULL,NULL,NULL,NULL,NULL,9.03,'End-stage'),('L36',8,1.4,'2014-05-17',0.043,'0',NULL,1,1,0.83,0.1,6,0.1,1.67,3,8.6,'End-stage'),('L36',7,1.37,'2014-05-17',NULL,'0',NULL,1,2,0.27,0.1,1,0.1,1.6,4,8.6,'End-stage'),('L36',6,1.03,'2014-05-17',NULL,'0',NULL,1,3,0.63,0.1,4,0.13,1.87,4,8.6,'End-stage'),('L36',7,1.1,'2014-05-17',NULL,'0',NULL,1,4,0.87,0.1,6,0.1,1.37,3,8.6,'End-stage'),('L36',7,1.2,'2014-05-17',NULL,'0',NULL,1,5,0.63,0.07,5,0.07,1.6,3,8.6,'End-stage'),('L37',9,0.7,'2014-05-30',0.063,'0',NULL,1,1,0.83,NULL,7,0.07,NULL,3,9.03,'End-stage'),('L37',8,0.63,'2014-05-30',NULL,'0',NULL,1,2,0.8,NULL,6,0.07,NULL,3,9.03,'End-stage'),('L37',10,0.67,'2014-05-30',NULL,'0',NULL,1,3,0.67,NULL,6,0.07,NULL,4,9.03,'End-stage'),('L37',9,NULL,'2014-05-30',NULL,NULL,NULL,NULL,4,0.4,NULL,3,0.1,NULL,4,9.03,'End-stage'),('L37',NULL,NULL,'2014-05-30',NULL,NULL,NULL,NULL,5,NULL,NULL,NULL,NULL,NULL,NULL,9.03,'End-stage'),('L40',9,1.47,'2014-05-30',0.068,'0',NULL,3,1,0.63,NULL,5,0.07,NULL,4,9.03,'End-stage'),('L40',8,1.17,'2014-05-30',NULL,'0',NULL,2,2,0.67,NULL,5,0.1,NULL,4,9.03,'End-stage'),('L40',8,1.47,'2014-05-30',NULL,'0',NULL,2,3,0.53,NULL,5,0.07,NULL,3,9.03,'End-stage'),('L40',NULL,NULL,'2014-05-30',NULL,NULL,NULL,NULL,4,0.57,NULL,NULL,0.1,NULL,3,9.03,'End-stage'),('L40',NULL,NULL,'2014-05-30',NULL,NULL,NULL,NULL,5,NULL,NULL,NULL,NULL,NULL,NULL,9.03,'End-stage'),('L41',9,2.93,'2014-06-20',0.063,'0',NULL,6,1,0.67,0.1,5,0.1,0.57,5,9.07,'End-stage'),('L41',8,1.5,'2014-06-20',NULL,'0',NULL,3,2,0.27,0.07,2,0.07,0.57,6,9.07,'End-stage'),('L41',8,2.1,'2014-06-20',NULL,'0',NULL,5,3,0.37,0.07,2,0.1,0.53,5,9.07,'End-stage'),('L41',8,0.83,'2014-06-20',NULL,'0',NULL,2,4,0.43,0.07,3,0.07,0.43,5,9.07,'End-stage'),('L41',8,NULL,'2014-06-20',NULL,NULL,NULL,NULL,5,0.6,NULL,5,0.1,NULL,4,9.07,'End-stage'),('L44',10,1.4,'2014-06-09',0.057,'0',NULL,4,1,0.37,0.1,3,0.07,0.37,6,8.7,'End-stage'),('L44',9,1.47,'2014-06-09',NULL,'0',NULL,4,2,0.33,0.1,2,0.07,0.37,7,8.7,'End-stage'),('L44',9,1.23,'2014-06-09',NULL,'0',NULL,2,3,0.43,0.1,3,0.07,0.5,6,8.7,'End-stage'),('L44',9,NULL,'2014-06-09',NULL,NULL,NULL,NULL,4,0.33,NULL,3,0.07,NULL,6,8.7,'End-stage'),('L44',8,NULL,'2014-06-09',NULL,NULL,NULL,NULL,5,0.43,NULL,3,0.1,NULL,5,8.7,'End-stage'),('L443',9,1,'2015-12-15',NULL,'0',NULL,2,1,0.9,NULL,9,0.1,NULL,4,5.03,'5 Months'),('L443',9,0.63,'2015-12-15',NULL,'0',NULL,1,2,0.4,NULL,3,0.1,NULL,5,5.03,'5 Months'),('L443',8,0.8,'2015-12-15',NULL,'0',NULL,2,3,0.4,NULL,3,0.1,NULL,5,5.03,'5 Months'),('L443',8,1.43,'2015-12-15',NULL,'0',NULL,4,4,0.37,NULL,2,0.1,NULL,5,5.03,'5 Months'),('L443',8,0.53,'2015-12-15',NULL,'0',NULL,2,5,0.7,NULL,5,0.1,NULL,4,5.03,'5 Months'),('L444',10,0.73,'2015-12-15',NULL,'0',NULL,2,1,0.73,NULL,7,0.1,NULL,5,5.03,'5 Months'),('L444',10,1.27,'2015-12-15',NULL,'0',NULL,3,2,0.4,NULL,3,0.1,NULL,6,5.03,'5 Months'),('L444',9,1.03,'2015-12-15',NULL,'0',NULL,3,3,0.3,NULL,2,0.1,NULL,6,5.03,'5 Months'),('L444',9,0.97,'2015-12-15',NULL,'0',NULL,3,4,0.4,NULL,3,0.1,NULL,5,5.03,'5 Months'),('L444',9,1.23,'2015-12-15',NULL,'0',NULL,3,5,0.27,NULL,1,0.1,NULL,5,5.03,'5 Months'),('L445',9,0.9,'2015-12-15',NULL,'0',NULL,2,1,0.83,NULL,7,0.1,NULL,3,5.03,'5 Months'),('L445',8,0.8,'2015-12-15',NULL,'0',NULL,2,2,0.5,NULL,3,0.1,NULL,4,5.03,'5 Months'),('L445',7,0.63,'2015-12-15',NULL,'0',NULL,2,3,0.6,NULL,4,0.1,NULL,4,5.03,'5 Months'),('L445',7,0.77,'2015-12-15',NULL,'0',NULL,2,4,0.6,NULL,4,0.1,NULL,4,5.03,'5 Months'),('L445',7,0.63,'2015-12-15',NULL,'0',NULL,2,5,0.63,NULL,4,0.1,NULL,5,5.03,'5 Months'),('L446',10,2.13,'2015-12-15',NULL,'0',NULL,4,1,0.87,NULL,8,0.1,NULL,3,5.03,'5 Months'),('L446',9,1.87,'2015-12-15',NULL,'0',NULL,3,2,0.87,NULL,7,0.1,NULL,4,5.03,'5 Months'),('L446',9,1.2,'2015-12-15',NULL,'0',NULL,3,3,0.33,NULL,3,0.1,NULL,4,5.03,'5 Months'),('L446',9,0.97,'2015-12-15',NULL,'0',NULL,2,4,0.5,NULL,4,0.07,NULL,5,5.03,'5 Months'),('L446',9,1.17,'2015-12-15',NULL,'0',NULL,2,5,0.5,NULL,4,0.1,NULL,6,5.03,'5 Months'),('L447',9,0.73,'2015-12-15',NULL,'0',NULL,2,1,0.7,NULL,6,0.1,NULL,3,5.03,'5 Months'),('L447',9,1.5,'2015-12-15',NULL,'0',NULL,3,2,0.6,NULL,5,0.07,NULL,3,5.03,'5 Months'),('L447',8,1.4,'2015-12-15',NULL,'0',NULL,2,3,0.57,NULL,4,0.1,NULL,3,5.03,'5 Months'),('L447',8,0.67,'2015-12-15',NULL,'0',NULL,1,4,0.73,NULL,7,0.1,NULL,3,5.03,'5 Months'),('L447',9,0.57,'2015-12-15',NULL,'0',NULL,1,5,0.6,NULL,5,0.1,NULL,3,5.03,'5 Months'),('L448',9,1.43,'2015-12-15',NULL,'0',NULL,4,1,0.37,NULL,3,0.1,NULL,6,5.03,'5 Months'),('L448',8,1.43,'2015-12-15',NULL,'0',NULL,4,2,0.33,NULL,2,0.1,NULL,6,5.03,'5 Months'),('L448',8,1.17,'2015-12-15',NULL,'0',NULL,3,3,0.33,NULL,2,0.1,NULL,5,5.03,'5 Months'),('L448',8,NULL,'2015-12-15',NULL,NULL,NULL,NULL,4,0.33,NULL,2,0.1,NULL,6,5.03,'5 Months'),('L448',8,NULL,'2015-12-15',NULL,NULL,NULL,NULL,5,0.5,NULL,3,0.07,NULL,4,5.03,'5 Months'),('L449',8,0.93,'2015-12-15',NULL,'0',NULL,2,1,0.43,NULL,3,0.07,NULL,4,5.03,'5 Months'),('L449',8,0.97,'2015-12-15',NULL,'0',NULL,2,2,0.53,NULL,4,0.07,NULL,5,5.03,'5 Months'),('L449',8,1.9,'2015-12-15',NULL,'0',NULL,3,3,0.57,NULL,4,0.07,NULL,4,5.03,'5 Months'),('L449',8,0.73,'2015-12-15',NULL,'0',NULL,1,4,0.53,NULL,4,0.07,NULL,4,5.03,'5 Months'),('L449',8,0.73,'2015-12-15',NULL,'0',NULL,1,5,0.57,NULL,4,0.07,NULL,4,5.03,'5 Months'),('L450',9,0.87,'2015-12-15',NULL,'0',NULL,3,1,0.8,NULL,7,0.1,NULL,4,5.03,'5 Months'),('L450',8,0.77,'2015-12-15',NULL,'0',NULL,2,2,0.43,NULL,3,0.1,NULL,4,5.03,'5 Months'),('L450',8,0.7,'2015-12-15',NULL,'0',NULL,2,3,0.53,NULL,4,0.1,NULL,4,5.03,'5 Months'),('L450',8,0.87,'2015-12-15',NULL,'0',NULL,2,4,0.43,NULL,3,0.1,NULL,6,5.03,'5 Months'),('L450',8,0.83,'2015-12-15',NULL,'0',NULL,2,5,0.47,NULL,3,0.1,NULL,5,5.03,'5 Months'),('L451',10,1.73,'2015-12-15',NULL,'0',NULL,4,1,0.4,NULL,3,0.1,NULL,5,5.03,'5 Months'),('L451',9,0.73,'2015-12-15',NULL,'0',NULL,2,2,0.5,NULL,4,0.07,NULL,4,5.03,'5 Months'),('L451',8,0.9,'2015-12-15',NULL,'0',NULL,2,3,0.63,NULL,5,0.07,NULL,3,5.03,'5 Months'),('L451',8,0.87,'2015-12-15',NULL,'0',NULL,2,4,0.77,NULL,6,0.1,NULL,3,5.03,'5 Months'),('L451',8,1.13,'2015-12-15',NULL,'0',NULL,3,5,0.67,NULL,5,0.1,NULL,5,5.03,'5 Months'),('L452',9,1.1,'2015-12-15',NULL,'0',NULL,3,1,0.9,NULL,5,0.1,NULL,5,5.03,'5 Months'),('L452',9,1.67,'2015-12-15',NULL,'0',NULL,4,2,0.53,NULL,4,0.1,NULL,5,5.03,'5 Months'),('L452',9,1.57,'2015-12-15',NULL,'0',NULL,4,3,0.63,NULL,5,0.07,NULL,4,5.03,'5 Months'),('L452',9,1.23,'2015-12-15',NULL,'0',NULL,4,4,0.3,NULL,2,0.1,NULL,5,5.03,'5 Months'),('L452',8,1.4,'2015-12-15',NULL,'0',NULL,3,5,0.53,NULL,4,0.1,NULL,4,5.03,'5 Months'),('L454',9,1.13,'2015-12-15',NULL,'0',NULL,2,1,0.9,NULL,8,0.1,NULL,4,5.03,'5 Months'),('L454',9,0.97,'2015-12-15',NULL,'0',NULL,2,2,0.43,NULL,3,0.1,NULL,5,5.03,'5 Months'),('L454',8,1.27,'2015-12-15',NULL,'0',NULL,3,3,0.43,NULL,3,0.07,NULL,5,5.03,'5 Months'),('L454',8,0.87,'2015-12-15',NULL,'0',NULL,1,4,0.33,NULL,2,0.07,NULL,5,5.03,'5 Months'),('L454',8,2.5,'2015-12-15',NULL,'0',NULL,4,5,0.53,NULL,4,0.07,NULL,4,5.03,'5 Months'),('L455',7,2.8,'2015-12-15',NULL,'0',NULL,5,1,1.17,NULL,8,0.1,NULL,2,5.03,'5 Months'),('L455',7,0.73,'2015-12-15',NULL,'0',NULL,2,2,1.03,NULL,7,0.07,NULL,3,5.03,'5 Months'),('L455',7,0.7,'2015-12-15',NULL,'0',NULL,1,3,0.9,NULL,6,0.1,NULL,3,5.03,'5 Months'),('L455',7,0.7,'2015-12-15',NULL,'0',NULL,1,4,1.03,NULL,7,0.13,NULL,2,5.03,'5 Months'),('L455',NULL,0.8,'2015-12-15',NULL,'0',NULL,2,5,NULL,NULL,NULL,NULL,NULL,NULL,5.03,'5 Months'),('L456',9,1.4,'2015-12-15',NULL,'0',NULL,4,1,0.53,NULL,4,0.07,NULL,4,5.03,'5 Months'),('L456',9,1.47,'2015-12-15',NULL,'0',NULL,4,2,0.73,NULL,6,0.07,NULL,3,5.03,'5 Months'),('L456',9,1.93,'2015-12-15',NULL,'0',NULL,5,3,0.6,NULL,5,0.07,NULL,4,5.03,'5 Months'),('L456',8,1.37,'2015-12-15',NULL,'0',NULL,3,4,0.43,NULL,3,0.07,NULL,5,5.03,'5 Months'),('L456',8,0.87,'2015-12-15',NULL,'0',NULL,2,5,0.57,NULL,4,0.1,NULL,5,5.03,'5 Months'),('L458',9,0.97,'2015-12-15',NULL,'0',NULL,2,1,1.07,NULL,9,0.07,NULL,3,5.03,'5 Months'),('L458',8,1.43,'2015-12-15',NULL,'0',NULL,3,2,0.9,NULL,6,0.1,NULL,3,5.03,'5 Months'),('L458',7,1.37,'2015-12-15',NULL,'0',NULL,3,3,0.6,NULL,4,0.1,NULL,3,5.03,'5 Months'),('L458',9,0.8,'2015-12-15',NULL,'0',NULL,1,4,1.27,NULL,10,0.1,NULL,2,5.03,'5 Months'),('L458',9,0.83,'2015-12-15',NULL,'0',NULL,2,5,1,NULL,8,0.1,NULL,2,5.03,'5 Months'),('L46',7,1.4,'2014-05-28',0.052,'0',NULL,3,1,0.63,NULL,4,0.07,NULL,4,8.33,'End-stage'),('L46',8,0.77,'2014-05-28',NULL,'0',NULL,2,2,0.43,NULL,3,0.1,NULL,4,8.33,'End-stage'),('L46',NULL,0.77,'2014-05-28',NULL,'0',NULL,2,3,0.57,NULL,4,0.1,NULL,NULL,8.33,'End-stage'),('L46',8,NULL,'2014-05-28',NULL,NULL,NULL,NULL,4,0.4,NULL,2,0.07,NULL,5,8.33,'End-stage'),('L46',7,NULL,'2014-05-28',NULL,NULL,NULL,NULL,5,0.6,NULL,4,0.07,NULL,4,8.33,'End-stage'),('L460',10,0.73,'2015-12-15',NULL,'0',NULL,1,1,0.73,NULL,7,0.1,NULL,3,5.03,'5 Months'),('L460',9,0.7,'2015-12-15',NULL,'0',NULL,1,2,0.83,NULL,7,0.1,NULL,3,5.03,'5 Months'),('L460',8,0.7,'2015-12-15',NULL,'0',NULL,1,3,0.77,NULL,6,0.1,NULL,3,5.03,'5 Months'),('L460',9,0.83,'2015-12-15',NULL,'0',NULL,1,4,0.73,NULL,6,0.1,NULL,3,5.03,'5 Months'),('L460',9,0.67,'2015-12-15',NULL,'0',NULL,1,5,0.57,NULL,4,0.1,NULL,4,5.03,'5 Months'),('L47',9,0.93,'2014-05-23',0.059,'0',NULL,3,1,0.4,NULL,3,0.07,NULL,5,8.17,'End-stage'),('L47',8,0.83,'2014-05-23',NULL,'0',NULL,2,2,0.43,NULL,3,0.1,NULL,5,8.17,'End-stage'),('L47',7,0.93,'2014-05-23',NULL,'0',NULL,2,3,0.4,NULL,2,0.1,NULL,5,8.17,'End-stage'),('L47',7,1,'2014-05-23',NULL,'0',NULL,1,4,0.53,NULL,3,0.1,NULL,4,8.17,'End-stage'),('L47',NULL,0.87,'2014-05-23',NULL,'0',NULL,1,5,NULL,NULL,NULL,NULL,NULL,NULL,8.17,'End-stage'),('L50',6,0.77,'2014-05-28',0.063,'0',NULL,1,1,1.2,NULL,7,0.1,NULL,2,8.33,'End-stage'),('L50',6,0.87,'2014-05-28',NULL,'0',NULL,1,2,1.17,0.1,7,0.07,1.4,2,8.33,'End-stage'),('L50',6,0.73,'2014-05-28',NULL,'0',NULL,1,3,1.37,0.1,8,0.1,1.53,2,8.33,'End-stage'),('L50',5,1.3,'2014-05-28',NULL,'0',NULL,3,4,0.77,0.1,4,0.1,0.2,2,8.33,'End-stage'),('L50',5,1.07,'2014-05-28',NULL,'0',NULL,2,5,1.43,0.1,8,0.1,1.03,2,8.33,'End-stage'),('L51',10,0.67,'2014-05-28',0.056,'0',NULL,2,1,1.07,NULL,10,0.07,NULL,2,7.87,'End-stage'),('L51',9,1.17,'2014-05-28',NULL,'0',NULL,3,2,0.83,NULL,8,0.07,NULL,3,7.87,'End-stage'),('L51',9,0.77,'2014-05-28',NULL,'0',NULL,2,3,0.67,NULL,6,0.07,NULL,3,7.87,'End-stage'),('L51',9,0.8,'2014-05-28',NULL,'0',NULL,2,4,0.8,NULL,6,0.13,NULL,3,7.87,'End-stage'),('L51',8,1.23,'2014-05-28',NULL,'0',NULL,2,5,0.5,NULL,4,0.1,NULL,3,7.87,'End-stage'),('L52',9,0.77,'2014-06-20',0.068,'0',NULL,2,1,0.6,NULL,5,0.07,NULL,4,8.6,'End-stage'),('L52',9,0.67,'2014-06-20',NULL,'0',NULL,1,2,0.5,NULL,4,0.1,NULL,4,8.6,'End-stage'),('L52',9,0.7,'2014-06-20',NULL,'0',NULL,1,3,0.2,NULL,1,0.07,NULL,5,8.6,'End-stage'),('L52',9,NULL,'2014-06-20',NULL,NULL,NULL,NULL,4,0.57,NULL,4,0.07,NULL,4,8.6,'End-stage'),('L52',8,NULL,'2014-06-20',NULL,NULL,NULL,NULL,5,0.53,NULL,4,0.07,NULL,4,8.6,'End-stage'),('L53',7,0.73,'2014-06-25',0.061,'0',NULL,1,1,0.4,NULL,3,0.1,NULL,4,8.77,'End-stage'),('L53',7,0.67,'2014-06-25',NULL,'0',NULL,1,2,0.63,NULL,4,0.1,NULL,4,8.77,'End-stage'),('L53',6,0.9,'2014-06-25',NULL,'0',NULL,1,3,0.67,NULL,4,0.13,NULL,3,8.77,'End-stage'),('L53',8,NULL,'2014-06-25',NULL,NULL,NULL,NULL,4,0.6,NULL,4,0.1,NULL,4,8.77,'End-stage'),('L53',NULL,NULL,'2014-06-25',NULL,NULL,NULL,NULL,5,NULL,NULL,NULL,NULL,NULL,NULL,8.77,'End-stage'),('L54',NULL,0.87,'2014-05-28',0.077,'0',NULL,2,1,0.6,NULL,NULL,0.07,NULL,3,7.87,'End-stage'),('L54',9,0.83,'2014-05-28',NULL,'0',NULL,1,2,0.83,NULL,7,0.07,NULL,4,7.87,'End-stage'),('L54',NULL,1.4,'2014-05-28',NULL,'0',NULL,3,3,0.93,NULL,NULL,0.13,NULL,2,7.87,'End-stage'),('L54',NULL,1.03,'2014-05-28',NULL,'0',NULL,2,4,0.57,NULL,NULL,0.07,NULL,3,7.87,'End-stage'),('L54',8,0.8,'2014-05-28',NULL,'0',NULL,1,5,0.97,NULL,8,0.07,NULL,3,7.87,'End-stage'),('L55',10,0.6,'2014-07-09',0.064,'0',NULL,1,1,0.53,0.1,5,0.1,0.7,4,9.23,'End-stage'),('L55',9,0.97,'2014-07-09',NULL,'0',NULL,2,2,0.5,0.07,4,0.1,0.33,5,9.23,'End-stage'),('L55',8,1.87,'2014-07-09',NULL,'0',NULL,4,3,0.33,NULL,2,0.1,NULL,5,9.23,'End-stage'),('L55',8,0.63,'2014-07-09',NULL,'0',NULL,2,4,0.43,NULL,3,0.1,NULL,5,9.23,'End-stage'),('L55',8,1.33,'2014-07-09',NULL,'0',NULL,3,5,0.57,NULL,4,0.1,NULL,4,9.23,'End-stage'),('L57',10,0.63,'2014-07-09',0.058,'0',NULL,1,1,0.53,NULL,5,0.07,NULL,5,9.23,'End-stage'),('L57',9,0.67,'2014-07-09',NULL,'0',NULL,2,2,0.53,NULL,5,0.1,NULL,5,9.23,'End-stage'),('L57',10,1.03,'2014-07-09',NULL,'0',NULL,2,3,0.43,0.1,4,0.1,0.5,5,9.23,'End-stage'),('L57',NULL,0.63,'2014-07-09',NULL,'0',NULL,1,4,0.8,0.1,NULL,0.1,0.83,3,9.23,'End-stage'),('L57',NULL,0.7,'2014-07-09',NULL,'0',NULL,2,5,0.7,0.07,NULL,0.1,0.73,3,9.23,'End-stage'),('L58',10,0.63,'2014-07-09',0.06,'0',NULL,1,1,0.57,NULL,5,0.07,NULL,4,9.23,'End-stage'),('L58',9,0.6,'2014-07-09',NULL,'0',NULL,1,2,0.5,NULL,4,0.1,NULL,4,9.23,'End-stage'),('L58',9,0.63,'2014-07-09',NULL,'0',NULL,2,3,0.6,0.1,5,0.1,0.7,4,9.23,'End-stage'),('L58',NULL,0.53,'2014-07-09',NULL,'0',NULL,1,4,NULL,0.07,NULL,NULL,0.6,NULL,9.23,'End-stage'),('L58',NULL,0.5,'2014-07-09',NULL,'0',NULL,1,5,NULL,0.13,NULL,NULL,0.83,NULL,9.23,'End-stage'),('L60',10,0.97,'2024-07-23',0.061,'0',NULL,2,1,0.93,NULL,9,0.1,NULL,3,9.7,'End-stage'),('L60',9,0.87,'2024-07-23',NULL,'0',NULL,2,2,0.6,NULL,5,0.07,NULL,3,9.7,'End-stage'),('L60',9,1,'2024-07-23',NULL,'0',NULL,1,3,0.63,NULL,5,0.1,NULL,4,9.7,'End-stage'),('L60',9,NULL,'2024-07-23',NULL,NULL,NULL,NULL,4,0.73,NULL,7,0.13,NULL,3,9.7,'End-stage'),('L60',NULL,NULL,'2024-07-23',NULL,NULL,NULL,NULL,5,NULL,NULL,NULL,NULL,NULL,NULL,9.7,'End-stage'),('L61',7,0.87,'2014-06-03',0.057,'0',NULL,2,1,0.9,NULL,7,0.1,NULL,5,8.03,'End-stage'),('L61',7,1.47,'2014-06-03',NULL,'0',NULL,3,2,0.73,NULL,5,0.07,NULL,4,8.03,'End-stage'),('L61',7,1,'2014-06-03',NULL,'0',NULL,2,3,0.6,NULL,4,0.07,NULL,3,8.03,'End-stage'),('L61',9,0.87,'2014-06-03',NULL,'0',NULL,2,4,0.4,NULL,3,0.1,NULL,4,8.03,'End-stage'),('L61',8,1.47,'2014-06-03',NULL,'0',NULL,3,5,0.57,NULL,5,0.1,NULL,4,8.03,'End-stage'),('L63',10,0.87,'2014-06-03',0.042,'0',NULL,2,1,0.7,NULL,6,0.07,NULL,4,8.03,'End-stage'),('L63',9,0.9,'2014-06-03',NULL,'0',NULL,2,2,0.67,0.1,6,0.07,0.77,4,8.03,'End-stage'),('L63',9,0.8,'2014-06-03',NULL,'0',NULL,2,3,0.4,0.1,3,0.03,0.67,4,8.03,'End-stage'),('L63',9,1.13,'2014-06-03',NULL,'0',NULL,3,4,0.63,0.07,5,0.07,0.27,4,8.03,'End-stage'),('L63',10,NULL,'2014-06-03',NULL,NULL,NULL,NULL,5,0.37,NULL,2,0.07,NULL,4,8.03,'End-stage'),('L64',10,0.63,'2014-07-09',0.07,'0',NULL,1,1,0.7,0.1,6,0.1,0.8,4,9.23,'End-stage'),('L64',9,0.57,'2014-07-09',NULL,'0',NULL,1,2,0.5,0.1,4,0.07,1.13,4,9.23,'End-stage'),('L64',9,0.63,'2014-07-09',NULL,'0',NULL,1,3,0.6,0.1,5,0.1,0.73,4,9.23,'End-stage'),('L64',9,0.6,'2014-07-09',NULL,'0',NULL,1,4,0.77,NULL,6,0.1,NULL,3,9.23,'End-stage'),('L64',9,0.6,'2014-07-09',NULL,'0',NULL,1,5,1.03,NULL,9,0.1,NULL,2,9.23,'End-stage'),('L65',9,0.77,'2014-07-09',0.07,'0',NULL,3,1,0.63,NULL,6,0.1,NULL,5,9.23,'End-stage'),('L65',9,0.93,'2014-07-09',NULL,'0',NULL,3,2,0.33,NULL,2,0.07,NULL,5,9.23,'End-stage'),('L65',8,1.07,'2014-07-09',NULL,'0',NULL,3,3,0.43,NULL,3,0.07,NULL,5,9.23,'End-stage'),('L65',NULL,NULL,'2014-07-09',NULL,NULL,NULL,NULL,4,NULL,NULL,NULL,NULL,NULL,NULL,9.23,'End-stage'),('L65',NULL,NULL,'2014-07-09',NULL,NULL,NULL,NULL,5,NULL,NULL,NULL,NULL,NULL,NULL,9.23,'End-stage'),('L66',8,0.5,'2014-07-09',0.051,'0',NULL,1,1,0.63,0.17,5,0.1,0.97,4,9.23,'End-stage'),('L66',8,0.53,'2014-07-09',NULL,'0',NULL,1,2,0.63,0.17,5,0.1,0.9,4,9.23,'End-stage'),('L66',7,0.5,'2014-07-09',NULL,'0',NULL,1,3,0.53,0.13,4,0.07,0.93,4,9.23,'End-stage'),('L66',9,0.63,'2014-07-09',NULL,'0',NULL,2,4,0.73,NULL,6,0.1,NULL,4,9.23,'End-stage'),('L66',NULL,1.13,'2014-07-09',NULL,'0',NULL,2,5,0.57,NULL,NULL,0.07,NULL,4,9.23,'End-stage'),('L67',9,0.83,'2014-07-09',0.073,'0',NULL,1,1,0.53,NULL,4,0.07,NULL,4,9.23,'End-stage'),('L67',8,0.8,'2014-07-09',NULL,'0',NULL,2,2,0.57,0.1,4,0.07,0.83,4,9.23,'End-stage'),('L67',8,0.7,'2014-07-09',NULL,'0',NULL,1,3,0.7,0.1,5,0.1,1.3,4,9.23,'End-stage'),('L67',8,0.7,'2014-07-09',NULL,'0',NULL,1,4,0.7,0.07,5,0.1,1.23,3,9.23,'End-stage'),('L67',8,0.8,'2014-07-09',NULL,'0',NULL,1,5,0.87,0.07,6,0.1,1.23,3,9.23,'End-stage'),('L68',6,1.7,'2014-06-13',0.034,'0',NULL,2,1,0.93,0.07,6,0.1,0.87,2,8.4,'End-stage'),('L68',6,0.77,'2014-06-13',NULL,'0',NULL,1,2,0.8,0.1,4,0.1,1.63,3,8.4,'End-stage'),('L68',6,0.87,'2014-06-13',NULL,'0',NULL,1,3,1.07,0.1,6,0.07,1.5,2,8.4,'End-stage'),('L68',NULL,NULL,'2014-06-13',NULL,NULL,NULL,NULL,4,NULL,NULL,NULL,NULL,NULL,NULL,8.4,'End-stage'),('L68',NULL,NULL,'2014-06-13',NULL,NULL,NULL,NULL,5,NULL,NULL,NULL,NULL,NULL,NULL,8.4,'End-stage'),('L69',7,0.97,'2014-06-16',0.034,'0',NULL,1,1,0.7,0.07,4,0.1,1.37,3,8.5,'End-stage'),('L69',7,0.8,'2014-06-16',NULL,'0',NULL,1,2,0.73,0.07,4,0.07,1.47,3,8.5,'End-stage'),('L69',7,0.93,'2014-06-16',NULL,'0',NULL,3,3,0.83,0.07,5,0.07,0.2,3,8.5,'End-stage'),('L69',6,0.93,'2014-06-16',NULL,'0',NULL,1,4,0.97,0.1,6,0.07,1.1,3,8.5,'End-stage'),('L69',6,0.9,'2014-06-16',NULL,'0',NULL,1,5,0.93,0.1,6,0.07,1.2,3,8.5,'End-stage'),('L70',6,0.87,'2014-07-23',0.06,'0',NULL,1,1,0.83,NULL,6,0.1,NULL,3,9.7,'End-stage'),('L70',7,0.8,'2014-07-23',NULL,'0',NULL,1,2,0.8,0.07,5,0.1,1.3,3,9.7,'End-stage'),('L70',6,0.8,'2014-07-23',NULL,'0',NULL,1,3,0.7,0.1,4,0.1,1.2,3,9.7,'End-stage'),('L70',6,0.8,'2014-07-23',NULL,'0',NULL,1,4,0.97,0.1,7,0.1,1.27,2,9.7,'End-stage'),('L70',7,0.73,'2014-07-23',NULL,'0',NULL,1,5,1.03,NULL,7,0.13,NULL,2,9.7,'End-stage'),('L71',9,1.5,'2014-07-04',0.074,'0',NULL,4,1,0.47,NULL,4,0.1,NULL,5,9.1,'End-stage'),('L71',8,0.6,'2014-07-04',NULL,'0',NULL,2,2,0.4,NULL,4,0.1,NULL,5,9.1,'End-stage'),('L71',8,1.13,'2014-07-04',NULL,'0',NULL,3,3,0.5,NULL,4,0.1,NULL,5,9.1,'End-stage'),('L71',8,0.5,'2014-07-04',NULL,'0',NULL,2,4,0.93,NULL,7,0.1,NULL,3,9.1,'End-stage'),('L71',9,0.6,'2014-07-04',NULL,'0',NULL,2,5,0.6,NULL,5,0.1,NULL,5,9.1,'End-stage'),('L72',9,0.57,'2014-05-28',0.057,'0',NULL,1,1,0.77,NULL,7,0.1,NULL,3,7.9,'End-stage'),('L72',10,0.47,'2014-05-28',NULL,'0',NULL,1,2,0.93,NULL,9,0.1,NULL,3,7.9,'End-stage'),('L72',10,0.67,'2014-05-28',NULL,'0',NULL,1,3,1.47,NULL,15,0.07,NULL,2,7.9,'End-stage'),('L72',NULL,0.57,'2014-05-28',NULL,'0',NULL,1,4,NULL,NULL,NULL,NULL,NULL,NULL,7.9,'End-stage'),('L72',NULL,0.53,'2014-05-28',NULL,'0',NULL,1,5,NULL,NULL,NULL,NULL,NULL,NULL,7.9,'End-stage'),('L73',8,1.43,'2014-07-04',0.046,'0',NULL,3,1,0.97,NULL,8,0.07,NULL,3,9.1,'End-stage'),('L73',8,0.73,'2014-07-04',NULL,'0',NULL,1,2,0.67,0.1,5,0.07,1.07,3,9.1,'End-stage'),('L73',8,0.73,'2014-07-04',NULL,'0',NULL,2,3,0.63,0.1,4,0.07,0.7,3,9.1,'End-stage'),('L73',8,0.73,'2014-07-04',NULL,'0',NULL,1,4,0.83,0.13,6,0.07,0.87,3,9.1,'End-stage'),('L73',7,NULL,'2014-07-04',NULL,NULL,NULL,NULL,5,0.63,NULL,4,0.07,NULL,3,9.1,'End-stage'),('L74',7,1,'2014-05-30',0.041,'0',NULL,2,1,0.63,NULL,4,0.1,NULL,4,7.93,'End-stage'),('L74',7,1.47,'2014-05-30',NULL,'0',NULL,3,2,0.67,NULL,4,0.13,NULL,4,7.93,'End-stage'),('L74',6,1.73,'2014-05-30',NULL,'0',NULL,2,3,0.7,NULL,4,0.1,NULL,3,7.93,'End-stage'),('L74',NULL,NULL,'2014-05-30',NULL,NULL,NULL,NULL,4,NULL,NULL,NULL,NULL,NULL,NULL,7.93,'End-stage'),('L74',NULL,NULL,'2014-05-30',NULL,NULL,NULL,NULL,5,NULL,NULL,NULL,NULL,NULL,NULL,7.93,'End-stage'),('L75',9,1.93,'2014-07-04',0.078,'0',NULL,4,1,0.57,NULL,5,0.07,NULL,5,9.1,'End-stage'),('L75',9,NULL,'2014-07-04',NULL,NULL,NULL,NULL,2,0.6,NULL,5,0.07,NULL,5,9.1,'End-stage'),('L75',9,0.7,'2014-07-04',NULL,'0',NULL,2,3,0.43,0.07,3,0.07,0.53,5,9.1,'End-stage'),('L75',9,0.7,'2014-07-04',NULL,'0',NULL,2,4,0.53,0.07,4,0.07,0.53,4,9.1,'End-stage'),('L75',NULL,0.67,'2014-07-04',NULL,'0',NULL,2,5,0.67,0.1,NULL,0.1,0.73,3,9.1,'End-stage');
/*!40000 ALTER TABLE `consensus` ENABLE KEYS */;
UNLOCK TABLES;

--
-- Table structure for table `dog`
--

DROP TABLE IF EXISTS `dog`;
/*!40101 SET @saved_cs_client     = @@character_set_client */;
/*!40101 SET character_set_client = utf8 */;
CREATE TABLE `dog` (
  `sub_id` varchar(20) NOT NULL DEFAULT '',
  `category` varchar(20) DEFAULT NULL,
  PRIMARY KEY (`sub_id`)
) ENGINE=InnoDB DEFAULT CHARSET=latin1;
/*!40101 SET character_set_client = @saved_cs_client */;

--
-- Dumping data for table `dog`
--

LOCK TABLES `dog` WRITE;
/*!40000 ALTER TABLE `dog` DISABLE KEYS */;
INSERT INTO `dog` VALUES ('test1','Dog'),('test2','Dog'),('test3','Dog'),('test4','Dog'),('test5','Dog');
/*!40000 ALTER TABLE `dog` ENABLE KEYS */;
UNLOCK TABLES;

--
-- Table structure for table `geno_type`
--

DROP TABLE IF EXISTS `geno_type`;
/*!40101 SET @saved_cs_client     = @@character_set_client */;
/*!40101 SET character_set_client = utf8 */;
CREATE TABLE `geno_type` (
  `geno_id` varchar(20) NOT NULL DEFAULT '',
  `name` varchar(20) DEFAULT NULL,
  `description` varchar(30) DEFAULT NULL,
  PRIMARY KEY (`geno_id`),
  KEY `geno_id_index` (`geno_id`) USING BTREE
) ENGINE=InnoDB DEFAULT CHARSET=latin1;
/*!40101 SET character_set_client = @saved_cs_client */;

--
-- Dumping data for table `geno_type`
--

LOCK TABLES `geno_type` WRITE;
/*!40000 ALTER TABLE `geno_type` DISABLE KEYS */;
INSERT INTO `geno_type` VALUES ('1','C57','C57'),('2','HCN_SOD1','HCN_SOD1'),('3 ','Serotonin','Serotonin'),('4','LCN_SOD1','LCN_SOD1'),('5','Control_HCN','Control_HCN'),('6','Control_LCN','Control_LCN');
/*!40000 ALTER TABLE `geno_type` ENABLE KEYS */;
UNLOCK TABLES;
/*!50003 SET @saved_cs_client      = @@character_set_client */ ;
/*!50003 SET @saved_cs_results     = @@character_set_results */ ;
/*!50003 SET @saved_col_connection = @@collation_connection */ ;
/*!50003 SET character_set_client  = utf8 */ ;
/*!50003 SET character_set_results = utf8 */ ;
/*!50003 SET collation_connection  = utf8_general_ci */ ;
/*!50003 SET @saved_sql_mode       = @@sql_mode */ ;
/*!50003 SET sql_mode              = '' */ ;
DELIMITER ;;
/*!50003 CREATE*/ /*!50017 DEFINER=`root`@`localhost`*/ /*!50003 TRIGGER archive_deleted_genotypes
BEFORE DELETE ON geno_type
FOR EACH ROW
BEGIN
INSERT INTO archived_geno_type
SET geno_id=OLD.geno_id, name=OLD.name, description=OLD.description;
END */;;
DELIMITER ;
/*!50003 SET sql_mode              = @saved_sql_mode */ ;
/*!50003 SET character_set_client  = @saved_cs_client */ ;
/*!50003 SET character_set_results = @saved_cs_results */ ;
/*!50003 SET collation_connection  = @saved_col_connection */ ;

--
-- Table structure for table `has_col`
--

DROP TABLE IF EXISTS `has_col`;
/*!40101 SET @saved_cs_client     = @@character_set_client */;
/*!40101 SET character_set_client = utf8 */;
CREATE TABLE `has_col` (
  `col_id` varchar(20) NOT NULL,
  `sub_id` varchar(20) NOT NULL DEFAULT '',
  `control` tinyint(1) DEFAULT NULL,
  PRIMARY KEY (`sub_id`),
  KEY `col_id` (`col_id`),
  CONSTRAINT `has_col_ibfk_1` FOREIGN KEY (`sub_id`) REFERENCES `subject` (`sub_id`),
  CONSTRAINT `has_col_ibfk_2` FOREIGN KEY (`col_id`) REFERENCES `colony` (`col_id`) ON DELETE NO ACTION
) ENGINE=InnoDB DEFAULT CHARSET=latin1;
/*!40101 SET character_set_client = @saved_cs_client */;

--
-- Dumping data for table `has_col`
--

LOCK TABLES `has_col` WRITE;
/*!40000 ALTER TABLE `has_col` DISABLE KEYS */;
INSERT INTO `has_col` VALUES ('3','H601',NULL),('3','H602',NULL),('3','H608',NULL),('3','H609',NULL),('3','H610',NULL),('3','H611',NULL),('3','H612',NULL),('3','H613',NULL),('3','H618',NULL),('3','H619',NULL),('3','H620',NULL),('3','H622',NULL),('3','H624',NULL),('3','H625',NULL),('3','H626',NULL),('3','H627',NULL),('3','H628',NULL),('3','H630',NULL),('3','H631',NULL),('3','H632',NULL),('3','H633',NULL),('3','H635',NULL),('3','H636',NULL),('3','H662',NULL),('3','H663',NULL),('3','H664',NULL),('3','H665',NULL),('3','H666',NULL),('3','H667',NULL),('3','H668',NULL),('3','H669',NULL),('3','H670',NULL),('3','H678',NULL),('3','H679',NULL),('3','H680',NULL),('3','H681',NULL),('3','H683',NULL),('3','H684',NULL),('3','H685',NULL),('3','H686',NULL),('3','H688',NULL),('3','H690',NULL),('3','H691',NULL),('2','L124',NULL),('2','L132X',NULL),('2','L142',NULL),('2','L165X',NULL),('2','L171X',NULL),('2','L173X',NULL),('2','L174X',NULL),('2','L182X',NULL),('2','L184X',NULL),('2','L197X',NULL),('2','L198X',NULL),('2','L202x',NULL),('2','L203x',NULL),('2','L204x',NULL),('2','L205x',NULL),('2','L206x',NULL),('2','L207x',NULL),('2','L208x',NULL),('2','L209x',NULL),('2','L210x',NULL),('2','L211x',NULL),('2','L228',NULL),('2','L230',NULL),('2','L28',NULL),('2','L29',NULL),('2','L30',NULL),('2','L31',NULL),('2','L32',NULL),('2','L35',NULL),('2','L36',NULL),('2','L37',NULL),('2','L40',NULL),('2','L41',NULL),('2','L44',NULL),('2','L443',NULL),('2','L444',NULL),('2','L445',NULL),('2','L446',NULL),('2','L447',NULL),('2','L448',NULL),('2','L449',NULL),('2','L450',NULL),('2','L451',NULL),('2','L452',NULL),('2','L454',NULL),('2','L455',NULL),('2','L456',NULL),('2','L458',NULL),('2','L46',NULL),('2','L460',NULL),('2','L47',NULL),('2','L50',NULL),('2','L51',NULL),('2','L52',NULL),('2','L53',NULL),('2','L54',NULL),('2','L55',NULL),('2','L57',NULL),('2','L58',NULL),('2','L60',NULL),('2','L61',NULL),('2','L63',NULL),('2','L64',NULL),('2','L65',NULL),('2','L66',NULL),('2','L67',NULL),('2','L68',NULL),('2','L69',NULL),('2','L70',NULL),('2','L71',NULL),('2','L72',NULL),('2','L73',NULL),('2','L74',NULL),('2','L75',NULL);
/*!40000 ALTER TABLE `has_col` ENABLE KEYS */;
UNLOCK TABLES;

--
-- Table structure for table `has_geno`
--

DROP TABLE IF EXISTS `has_geno`;
/*!40101 SET @saved_cs_client     = @@character_set_client */;
/*!40101 SET character_set_client = utf8 */;
CREATE TABLE `has_geno` (
  `sub_id` varchar(20) NOT NULL DEFAULT '',
  `geno_id` varchar(20) NOT NULL,
  PRIMARY KEY (`sub_id`),
  KEY `geno_id` (`geno_id`),
  CONSTRAINT `has_geno_ibfk_1` FOREIGN KEY (`sub_id`) REFERENCES `non_human` (`sub_id`),
  CONSTRAINT `has_geno_ibfk_2` FOREIGN KEY (`geno_id`) REFERENCES `geno_type` (`geno_id`) ON DELETE NO ACTION
) ENGINE=InnoDB DEFAULT CHARSET=latin1;
/*!40101 SET character_set_client = @saved_cs_client */;

--
-- Dumping data for table `has_geno`
--

LOCK TABLES `has_geno` WRITE;
/*!40000 ALTER TABLE `has_geno` DISABLE KEYS */;
INSERT INTO `has_geno` VALUES ('H601','2'),('H609','2'),('H619','2'),('H620','2'),('H622','2'),('H624','2'),('H625','2'),('H626','2'),('H630','2'),('H631','2'),('H635','2'),('H662','2'),('H663','2'),('H664','2'),('H665','2'),('H668','2'),('H670','2'),('H678','2'),('H680','2'),('H683','2'),('H684','2'),('H688','2'),('H691','2'),('L124','4'),('L132X','4'),('L142','4'),('L165X','4'),('L171X','4'),('L174X','4'),('L182X','4'),('L184X','4'),('L197X','4'),('L198X','4'),('L203x','4'),('L204x','4'),('L206x','4'),('L207x','4'),('L208x','4'),('L211x','4'),('L228','4'),('L230','4'),('L31','4'),('L36','4'),('L41','4'),('L443','4'),('L444','4'),('L445','4'),('L448','4'),('L450','4'),('L451','4'),('L454','4'),('L458','4'),('L460','4'),('L47','4'),('L50','4'),('L53','4'),('L54','4'),('L61','4'),('L68','4'),('L69','4'),('L70','4'),('L73','4'),('L74','4'),('H602','5'),('H608','5'),('H610','5'),('H611','5'),('H612','5'),('H613','5'),('H618','5'),('H627','5'),('H628','5'),('H632','5'),('H633','5'),('H636','5'),('H666','5'),('H667','5'),('H669','5'),('H679','5'),('H681','5'),('H685','5'),('H686','5'),('H690','5'),('L173X','6'),('L202x','6'),('L205x','6'),('L209x','6'),('L210x','6'),('L28','6'),('L29','6'),('L30','6'),('L32','6'),('L35','6'),('L37','6'),('L40','6'),('L44','6'),('L446','6'),('L447','6'),('L449','6'),('L452','6'),('L455','6'),('L456','6'),('L46','6'),('L51','6'),('L52','6'),('L55','6'),('L57','6'),('L58','6'),('L60','6'),('L63','6'),('L64','6'),('L65','6'),('L66','6'),('L67','6'),('L71','6'),('L72','6'),('L75','6');
/*!40000 ALTER TABLE `has_geno` ENABLE KEYS */;
UNLOCK TABLES;

--
-- Table structure for table `has_pheno`
--

DROP TABLE IF EXISTS `has_pheno`;
/*!40101 SET @saved_cs_client     = @@character_set_client */;
/*!40101 SET character_set_client = utf8 */;
CREATE TABLE `has_pheno` (
  `sub_id` varchar(20) NOT NULL DEFAULT '',
  `pheno_id` varchar(20) NOT NULL,
  PRIMARY KEY (`sub_id`),
  KEY `pheno_id` (`pheno_id`),
  CONSTRAINT `has_pheno_ibfk_1` FOREIGN KEY (`sub_id`) REFERENCES `non_human` (`sub_id`),
  CONSTRAINT `has_pheno_ibfk_2` FOREIGN KEY (`pheno_id`) REFERENCES `pheno_type` (`pheno_id`) ON DELETE NO ACTION
) ENGINE=InnoDB DEFAULT CHARSET=latin1;
/*!40101 SET character_set_client = @saved_cs_client */;

--
-- Dumping data for table `has_pheno`
--

LOCK TABLES `has_pheno` WRITE;
/*!40000 ALTER TABLE `has_pheno` DISABLE KEYS */;
INSERT INTO `has_pheno` VALUES ('L173X','1'),('L28','1'),('L29','1'),('L30','1'),('L32','1'),('L35','1'),('L37','1'),('L40','1'),('L44','1'),('L46','1'),('L51','1'),('L52','1'),('L55','1'),('L57','1'),('L58','1'),('L60','1'),('L63','1'),('L64','1'),('L65','1'),('L66','1'),('L67','1'),('L71','1'),('L72','1'),('L75','1'),('H601','2'),('H602','2'),('H608','2'),('H609','2'),('H610','2'),('H611','2'),('H612','2'),('H613','2'),('H618','2'),('H619','2'),('H620','2'),('H622','2'),('H624','2'),('H625','2'),('H626','2'),('H627','2'),('H628','2'),('H630','2'),('H631','2'),('H632','2'),('H633','2'),('H635','2'),('H636','2'),('H662','2'),('H663','2'),('H664','2'),('H665','2'),('H666','2'),('H667','2'),('H668','2'),('H669','2'),('H670','2'),('H678','2'),('H679','2'),('H680','2'),('H681','2'),('H683','2'),('H684','2'),('H685','2'),('H686','2'),('H688','2'),('H690','2'),('H691','2'),('L132X','2'),('L142','2'),('L197X','2'),('L198X','2'),('L228','2'),('L230','2'),('L41','2'),('L47','2'),('L53','2'),('L54','2'),('L61','2'),('L69','2'),('L73','2'),('L74','2'),('L124','3'),('L165X','3'),('L171X','3'),('L174X','3'),('L182X','3'),('L184X','3'),('L31','3'),('L50','3'),('L68','3'),('L70','3');
/*!40000 ALTER TABLE `has_pheno` ENABLE KEYS */;
UNLOCK TABLES;

--
-- Table structure for table `has_pub`
--

DROP TABLE IF EXISTS `has_pub`;
/*!40101 SET @saved_cs_client     = @@character_set_client */;
/*!40101 SET character_set_client = utf8 */;
CREATE TABLE `has_pub` (
  `sub_id` varchar(20) NOT NULL DEFAULT '',
  `doi` varchar(30) NOT NULL DEFAULT '',
  PRIMARY KEY (`sub_id`,`doi`),
  KEY `doi` (`doi`),
  CONSTRAINT `has_pub_ibfk_1` FOREIGN KEY (`sub_id`) REFERENCES `subject` (`sub_id`),
  CONSTRAINT `has_pub_ibfk_2` FOREIGN KEY (`doi`) REFERENCES `publication` (`doi`)
) ENGINE=InnoDB DEFAULT CHARSET=latin1;
/*!40101 SET character_set_client = @saved_cs_client */;

--
-- Dumping data for table `has_pub`
--

LOCK TABLES `has_pub` WRITE;
/*!40000 ALTER TABLE `has_pub` DISABLE KEYS */;
INSERT INTO `has_pub` VALUES ('H601','test_doi');
/*!40000 ALTER TABLE `has_pub` ENABLE KEYS */;
UNLOCK TABLES;

--
-- Table structure for table `has_surg`
--

DROP TABLE IF EXISTS `has_surg`;
/*!40101 SET @saved_cs_client     = @@character_set_client */;
/*!40101 SET character_set_client = utf8 */;
CREATE TABLE `has_surg` (
  `surg_id` varchar(20) NOT NULL DEFAULT '',
  `sub_id` varchar(20) NOT NULL DEFAULT '',
  PRIMARY KEY (`surg_id`,`sub_id`),
  KEY `sub_id` (`sub_id`),
  CONSTRAINT `has_surg_ibfk_1` FOREIGN KEY (`sub_id`) REFERENCES `subject` (`sub_id`),
  CONSTRAINT `has_surg_ibfk_2` FOREIGN KEY (`surg_id`) REFERENCES `surgery` (`surg_id`)
) ENGINE=InnoDB DEFAULT CHARSET=latin1;
/*!40101 SET character_set_client = @saved_cs_client */;

--
-- Dumping data for table `has_surg`
--

LOCK TABLES `has_surg` WRITE;
/*!40000 ALTER TABLE `has_surg` DISABLE KEYS */;
/*!40000 ALTER TABLE `has_surg` ENABLE KEYS */;
UNLOCK TABLES;

--
-- Table structure for table `has_treat`
--

DROP TABLE IF EXISTS `has_treat`;
/*!40101 SET @saved_cs_client     = @@character_set_client */;
/*!40101 SET character_set_client = utf8 */;
CREATE TABLE `has_treat` (
  `treat_id` varchar(20) NOT NULL DEFAULT '',
  `sub_id` varchar(20) NOT NULL DEFAULT '',
  PRIMARY KEY (`sub_id`,`treat_id`),
  KEY `treat_id` (`treat_id`),
  CONSTRAINT `has_treat_ibfk_1` FOREIGN KEY (`sub_id`) REFERENCES `subject` (`sub_id`),
  CONSTRAINT `has_treat_ibfk_2` FOREIGN KEY (`treat_id`) REFERENCES `treatment` (`treat_id`)
) ENGINE=InnoDB DEFAULT CHARSET=latin1;
/*!40101 SET character_set_client = @saved_cs_client */;

--
-- Dumping data for table `has_treat`
--

LOCK TABLES `has_treat` WRITE;
/*!40000 ALTER TABLE `has_treat` DISABLE KEYS */;
INSERT INTO `has_treat` VALUES ('1','H601');
/*!40000 ALTER TABLE `has_treat` ENABLE KEYS */;
UNLOCK TABLES;

--
-- Table structure for table `has_vid`
--

DROP TABLE IF EXISTS `has_vid`;
/*!40101 SET @saved_cs_client     = @@character_set_client */;
/*!40101 SET character_set_client = utf8 */;
CREATE TABLE `has_vid` (
  `vid_id` varchar(20) NOT NULL DEFAULT '',
  `sub_id` varchar(20) NOT NULL,
  PRIMARY KEY (`vid_id`),
  KEY `sub_id` (`sub_id`),
  CONSTRAINT `has_vid_ibfk_1` FOREIGN KEY (`vid_id`) REFERENCES `video` (`vid_id`),
  CONSTRAINT `has_vid_ibfk_2` FOREIGN KEY (`sub_id`) REFERENCES `subject` (`sub_id`) ON DELETE NO ACTION
) ENGINE=InnoDB DEFAULT CHARSET=latin1;
/*!40101 SET character_set_client = @saved_cs_client */;

--
-- Dumping data for table `has_vid`
--

LOCK TABLES `has_vid` WRITE;
/*!40000 ALTER TABLE `has_vid` DISABLE KEYS */;
INSERT INTO `has_vid` VALUES ('2','H601'),('1','H602'),('L124_2014-09-01','L124'),('L124_2014-10-05','L124'),('L124_2014-11-02','L124'),('L124_2015-01-10','L124'),('L28_2016-05-01','L28');
/*!40000 ALTER TABLE `has_vid` ENABLE KEYS */;
UNLOCK TABLES;

--
-- Table structure for table `horse`
--

DROP TABLE IF EXISTS `horse`;
/*!40101 SET @saved_cs_client     = @@character_set_client */;
/*!40101 SET character_set_client = utf8 */;
CREATE TABLE `horse` (
  `sub_id` varchar(20) NOT NULL DEFAULT '',
  `category` varchar(20) DEFAULT NULL,
  PRIMARY KEY (`sub_id`)
) ENGINE=InnoDB DEFAULT CHARSET=latin1;
/*!40101 SET character_set_client = @saved_cs_client */;

--
-- Dumping data for table `horse`
--

LOCK TABLES `horse` WRITE;
/*!40000 ALTER TABLE `horse` DISABLE KEYS */;
INSERT INTO `horse` VALUES ('test10','Horse'),('test11','Horse'),('test12','Horse');
/*!40000 ALTER TABLE `horse` ENABLE KEYS */;
UNLOCK TABLES;

--
-- Table structure for table `human`
--

DROP TABLE IF EXISTS `human`;
/*!40101 SET @saved_cs_client     = @@character_set_client */;
/*!40101 SET character_set_client = utf8 */;
CREATE TABLE `human` (
  `sub_id` varchar(20) NOT NULL DEFAULT '',
  `first_name` varchar(20) DEFAULT NULL,
  `last_name` varchar(20) DEFAULT NULL,
  `address` varchar(100) DEFAULT NULL,
  `phone` varchar(20) DEFAULT NULL,
  PRIMARY KEY (`sub_id`),
  CONSTRAINT `human_ibfk_1` FOREIGN KEY (`sub_id`) REFERENCES `subject` (`sub_id`) ON DELETE CASCADE
) ENGINE=InnoDB DEFAULT CHARSET=latin1;
/*!40101 SET character_set_client = @saved_cs_client */;

--
-- Dumping data for table `human`
--

LOCK TABLES `human` WRITE;
/*!40000 ALTER TABLE `human` DISABLE KEYS */;
/*!40000 ALTER TABLE `human` ENABLE KEYS */;
UNLOCK TABLES;

--
-- Table structure for table `live_in`
--

DROP TABLE IF EXISTS `live_in`;
/*!40101 SET @saved_cs_client     = @@character_set_client */;
/*!40101 SET character_set_client = utf8 */;
CREATE TABLE `live_in` (
  `sub_id` varchar(20) NOT NULL DEFAULT '',
  `cage_id` varchar(20) NOT NULL,
  PRIMARY KEY (`sub_id`),
  KEY `cage_id` (`cage_id`),
  CONSTRAINT `live_in_ibfk_1` FOREIGN KEY (`sub_id`) REFERENCES `non_human` (`sub_id`),
  CONSTRAINT `live_in_ibfk_2` FOREIGN KEY (`cage_id`) REFERENCES `cage` (`cage_id`) ON DELETE NO ACTION
) ENGINE=InnoDB DEFAULT CHARSET=latin1;
/*!40101 SET character_set_client = @saved_cs_client */;

--
-- Dumping data for table `live_in`
--

LOCK TABLES `live_in` WRITE;
/*!40000 ALTER TABLE `live_in` DISABLE KEYS */;
INSERT INTO `live_in` VALUES ('111111','LC-29');
/*!40000 ALTER TABLE `live_in` ENABLE KEYS */;
UNLOCK TABLES;

--
-- Table structure for table `mouse`
--

DROP TABLE IF EXISTS `mouse`;
/*!40101 SET @saved_cs_client     = @@character_set_client */;
/*!40101 SET character_set_client = utf8 */;
CREATE TABLE `mouse` (
  `sub_id` varchar(20) NOT NULL DEFAULT '',
  `category` varchar(20) DEFAULT NULL,
  PRIMARY KEY (`sub_id`),
  KEY `id_index` (`sub_id`)
) ENGINE=InnoDB DEFAULT CHARSET=latin1;
/*!40101 SET character_set_client = @saved_cs_client */;

--
-- Dumping data for table `mouse`
--

LOCK TABLES `mouse` WRITE;
/*!40000 ALTER TABLE `mouse` DISABLE KEYS */;
INSERT INTO `mouse` VALUES ('H601','Mouse'),('H602','Mouse'),('H608','Mouse'),('H609','Mouse'),('H610','Mouse'),('H611','Mouse'),('H612','Mouse'),('H613','Mouse'),('H618','Mouse'),('H619','Mouse'),('H620','Mouse'),('H622','Mouse'),('H624','Mouse'),('H625','Mouse'),('H626','Mouse'),('H627','Mouse'),('H628','Mouse'),('H630','Mouse'),('H631','Mouse'),('H632','Mouse'),('H633','Mouse'),('H635','Mouse'),('H636','Mouse'),('H662','Mouse'),('H663','Mouse'),('H664','Mouse'),('H665','Mouse'),('H666','Mouse'),('H667','Mouse'),('H668','Mouse'),('H669','Mouse'),('H670','Mouse'),('H678','Mouse'),('H679','Mouse'),('H680','Mouse'),('H681','Mouse'),('H683','Mouse'),('H684','Mouse'),('H685','Mouse'),('H686','Mouse'),('H688','Mouse'),('H690','Mouse'),('H691','Mouse'),('L124','Mouse'),('L132X','Mouse'),('L142','Mouse'),('L165X','Mouse'),('L171X','Mouse'),('L173X','Mouse'),('L174X','Mouse'),('L182X','Mouse'),('L184X','Mouse'),('L197X','Mouse'),('L198X','Mouse'),('L202x','Mouse'),('L203x','Mouse'),('L204x','Mouse'),('L205x','Mouse'),('L206x','Mouse'),('L207x','Mouse'),('L208x','Mouse'),('L209x','Mouse'),('L210x','Mouse'),('L211x','Mouse'),('L228','Mouse'),('L230','Mouse'),('L28','Mouse'),('L29','Mouse'),('L30','Mouse'),('L31','Mouse'),('L32','Mouse'),('L35','Mouse'),('L36','Mouse'),('L37','Mouse'),('L40','Mouse'),('L41','Mouse'),('L44','Mouse'),('L443','Mouse'),('L444','Mouse'),('L445','Mouse'),('L446','Mouse'),('L447','Mouse'),('L448','Mouse'),('L449','Mouse'),('L450','Mouse'),('L451','Mouse'),('L452','Mouse'),('L454','Mouse'),('L455','Mouse'),('L456','Mouse'),('L458','Mouse'),('L46','Mouse'),('L460','Mouse'),('L47','Mouse'),('L50','Mouse'),('L51','Mouse'),('L52','Mouse'),('L53','Mouse'),('L54','Mouse'),('L55','Mouse'),('L57','Mouse'),('L58','Mouse'),('L60','Mouse'),('L61','Mouse'),('L63','Mouse'),('L64','Mouse'),('L65','Mouse'),('L66','Mouse'),('L67','Mouse'),('L68','Mouse'),('L69','Mouse'),('L70','Mouse'),('L71','Mouse'),('L72','Mouse'),('L73','Mouse'),('L74','Mouse'),('L75','Mouse');
/*!40000 ALTER TABLE `mouse` ENABLE KEYS */;
UNLOCK TABLES;

--
-- Table structure for table `non_human`
--

DROP TABLE IF EXISTS `non_human`;
/*!40101 SET @saved_cs_client     = @@character_set_client */;
/*!40101 SET character_set_client = utf8 */;
CREATE TABLE `non_human` (
  `sub_id` varchar(20) NOT NULL DEFAULT '',
  `category` varchar(20) DEFAULT NULL,
  PRIMARY KEY (`sub_id`),
  CONSTRAINT `non_human_ibfk_1` FOREIGN KEY (`sub_id`) REFERENCES `subject` (`sub_id`) ON DELETE CASCADE
) ENGINE=InnoDB DEFAULT CHARSET=latin1;
/*!40101 SET character_set_client = @saved_cs_client */;

--
-- Dumping data for table `non_human`
--

LOCK TABLES `non_human` WRITE;
/*!40000 ALTER TABLE `non_human` DISABLE KEYS */;
INSERT INTO `non_human` VALUES ('111111',''),('H601','Mouse'),('H602','Mouse'),('H608','Mouse'),('H609','Mouse'),('H610','Mouse'),('H611','Mouse'),('H612','Mouse'),('H613','Mouse'),('H618','Mouse'),('H619','Mouse'),('H620','Mouse'),('H622','Mouse'),('H624','Mouse'),('H625','Mouse'),('H626','Mouse'),('H627','Mouse'),('H628','Mouse'),('H630','Mouse'),('H631','Mouse'),('H632','Mouse'),('H633','Mouse'),('H635','Mouse'),('H636','Mouse'),('H662','Mouse'),('H663','Mouse'),('H664','Mouse'),('H665','Mouse'),('H666','Mouse'),('H667','Mouse'),('H668','Mouse'),('H669','Mouse'),('H670','Mouse'),('H678','Mouse'),('H679','Mouse'),('H680','Mouse'),('H681','Mouse'),('H683','Mouse'),('H684','Mouse'),('H685','Mouse'),('H686','Mouse'),('H688','Mouse'),('H690','Mouse'),('H691','Mouse'),('L124','Mouse'),('L132X','Mouse'),('L142','Mouse'),('L165X','Mouse'),('L171X','Mouse'),('L173X','Mouse'),('L174X','Mouse'),('L182X','Mouse'),('L184X','Mouse'),('L197X','Mouse'),('L198X','Mouse'),('L202x','Mouse'),('L203x','Mouse'),('L204x','Mouse'),('L205x','Mouse'),('L206x','Mouse'),('L207x','Mouse'),('L208x','Mouse'),('L209x','Mouse'),('L210x','Mouse'),('L211x','Mouse'),('L228','Mouse'),('L230','Mouse'),('L28','Mouse'),('L29','Mouse'),('L30','Mouse'),('L31','Mouse'),('L32','Mouse'),('L35','Mouse'),('L36','Mouse'),('L37','Mouse'),('L40','Mouse'),('L41','Mouse'),('L44','Mouse'),('L443','Mouse'),('L444','Mouse'),('L445','Mouse'),('L446','Mouse'),('L447','Mouse'),('L448','Mouse'),('L449','Mouse'),('L450','Mouse'),('L451','Mouse'),('L452','Mouse'),('L454','Mouse'),('L455','Mouse'),('L456','Mouse'),('L458','Mouse'),('L46','Mouse'),('L460','Mouse'),('L47','Mouse'),('L50','Mouse'),('L51','Mouse'),('L52','Mouse'),('L53','Mouse'),('L54','Mouse'),('L55','Mouse'),('L57','Mouse'),('L58','Mouse'),('L60','Mouse'),('L61','Mouse'),('L63','Mouse'),('L64','Mouse'),('L65','Mouse'),('L66','Mouse'),('L67','Mouse'),('L68','Mouse'),('L69','Mouse'),('L70','Mouse'),('L71','Mouse'),('L72','Mouse'),('L73','Mouse'),('L74','Mouse'),('L75','Mouse');
/*!40000 ALTER TABLE `non_human` ENABLE KEYS */;
UNLOCK TABLES;

--
-- Temporary table structure for view `non_human_view`
--

DROP TABLE IF EXISTS `non_human_view`;
/*!50001 DROP VIEW IF EXISTS `non_human_view`*/;
SET @saved_cs_client     = @@character_set_client;
SET character_set_client = utf8;
/*!50001 CREATE TABLE `non_human_view` (
  `sub_id` tinyint NOT NULL,
  `category` tinyint NOT NULL
) ENGINE=MyISAM */;
SET character_set_client = @saved_cs_client;

--
-- Table structure for table `observe_vid`
--

DROP TABLE IF EXISTS `observe_vid`;
/*!40101 SET @saved_cs_client     = @@character_set_client */;
/*!40101 SET character_set_client = utf8 */;
CREATE TABLE `observe_vid` (
  `obs_id` varchar(20) NOT NULL,
  `vid_id` varchar(20) NOT NULL DEFAULT '',
  `obs_date` date DEFAULT NULL,
  PRIMARY KEY (`vid_id`),
  KEY `obs_id` (`obs_id`),
  CONSTRAINT `observe_vid_ibfk_1` FOREIGN KEY (`obs_id`) REFERENCES `observer` (`obs_id`),
  CONSTRAINT `observe_vid_ibfk_2` FOREIGN KEY (`vid_id`) REFERENCES `video` (`vid_id`)
) ENGINE=InnoDB DEFAULT CHARSET=latin1;
/*!40101 SET character_set_client = @saved_cs_client */;

--
-- Dumping data for table `observe_vid`
--

LOCK TABLES `observe_vid` WRITE;
/*!40000 ALTER TABLE `observe_vid` DISABLE KEYS */;
/*!40000 ALTER TABLE `observe_vid` ENABLE KEYS */;
UNLOCK TABLES;

--
-- Table structure for table `observer`
--

DROP TABLE IF EXISTS `observer`;
/*!40101 SET @saved_cs_client     = @@character_set_client */;
/*!40101 SET character_set_client = utf8 */;
CREATE TABLE `observer` (
  `obs_id` varchar(20) NOT NULL DEFAULT '',
  `first_name` varchar(20) DEFAULT NULL,
  `last_name` varchar(20) DEFAULT NULL,
  `password` varchar(30) DEFAULT NULL,
  PRIMARY KEY (`obs_id`)
) ENGINE=InnoDB DEFAULT CHARSET=latin1;
/*!40101 SET character_set_client = @saved_cs_client */;

--
-- Dumping data for table `observer`
--

LOCK TABLES `observer` WRITE;
/*!40000 ALTER TABLE `observer` DISABLE KEYS */;
INSERT INTO `observer` VALUES ('1','Teresa','Lever','1234'),('2','Kate','Robbins','1234'),('3','Peng','Zhao','1234'),('4','Siman','Huang','1234'),('5','test','test','test'),('6','test1','test1','1234');
/*!40000 ALTER TABLE `observer` ENABLE KEYS */;
UNLOCK TABLES;
/*!50003 SET @saved_cs_client      = @@character_set_client */ ;
/*!50003 SET @saved_cs_results     = @@character_set_results */ ;
/*!50003 SET @saved_col_connection = @@collation_connection */ ;
/*!50003 SET character_set_client  = utf8 */ ;
/*!50003 SET character_set_results = utf8 */ ;
/*!50003 SET collation_connection  = utf8_general_ci */ ;
/*!50003 SET @saved_sql_mode       = @@sql_mode */ ;
/*!50003 SET sql_mode              = '' */ ;
DELIMITER ;;
/*!50003 CREATE*/ /*!50017 DEFINER=`root`@`localhost`*/ /*!50003 TRIGGER archive_deleted_accounts
BEFORE DELETE ON observer
FOR EACH ROW
BEGIN
INSERT INTO archived_observer
SET obs_id=OLD.obs_id,first_name=OLD.first_name,last_name=OLD.last_name,password=OLD.password;
END */;;
DELIMITER ;
/*!50003 SET sql_mode              = @saved_sql_mode */ ;
/*!50003 SET character_set_client  = @saved_cs_client */ ;
/*!50003 SET character_set_results = @saved_cs_results */ ;
/*!50003 SET collation_connection  = @saved_col_connection */ ;

--
-- Table structure for table `pheno_type`
--

DROP TABLE IF EXISTS `pheno_type`;
/*!40101 SET @saved_cs_client     = @@character_set_client */;
/*!40101 SET character_set_client = utf8 */;
CREATE TABLE `pheno_type` (
  `pheno_id` varchar(20) NOT NULL DEFAULT '',
  `name` varchar(20) DEFAULT NULL,
  `description` varchar(30) DEFAULT NULL,
  PRIMARY KEY (`pheno_id`)
) ENGINE=InnoDB DEFAULT CHARSET=latin1;
/*!40101 SET character_set_client = @saved_cs_client */;

--
-- Dumping data for table `pheno_type`
--

LOCK TABLES `pheno_type` WRITE;
/*!40000 ALTER TABLE `pheno_type` DISABLE KEYS */;
INSERT INTO `pheno_type` VALUES ('1','Control','Control'),('2','Hindlimb only','Hindlimb only'),('3','Hindlimb & Forelimb','Hindlimb & Forelimb');
/*!40000 ALTER TABLE `pheno_type` ENABLE KEYS */;
UNLOCK TABLES;
/*!50003 SET @saved_cs_client      = @@character_set_client */ ;
/*!50003 SET @saved_cs_results     = @@character_set_results */ ;
/*!50003 SET @saved_col_connection = @@collation_connection */ ;
/*!50003 SET character_set_client  = utf8 */ ;
/*!50003 SET character_set_results = utf8 */ ;
/*!50003 SET collation_connection  = utf8_general_ci */ ;
/*!50003 SET @saved_sql_mode       = @@sql_mode */ ;
/*!50003 SET sql_mode              = '' */ ;
DELIMITER ;;
/*!50003 CREATE*/ /*!50017 DEFINER=`root`@`localhost`*/ /*!50003 TRIGGER archive_deleted_phenotypes
BEFORE DELETE ON pheno_type
FOR EACH ROW
BEGIN
INSERT INTO archived_pheno_type
SET pheno_id=OLD.pheno_id, name=OLD.name, description=OLD.description;
END */;;
DELIMITER ;
/*!50003 SET sql_mode              = @saved_sql_mode */ ;
/*!50003 SET character_set_client  = @saved_cs_client */ ;
/*!50003 SET character_set_results = @saved_cs_results */ ;
/*!50003 SET collation_connection  = @saved_col_connection */ ;

--
-- Table structure for table `pig`
--

DROP TABLE IF EXISTS `pig`;
/*!40101 SET @saved_cs_client     = @@character_set_client */;
/*!40101 SET character_set_client = utf8 */;
CREATE TABLE `pig` (
  `sub_id` varchar(20) NOT NULL DEFAULT '',
  `category` varchar(20) DEFAULT NULL,
  PRIMARY KEY (`sub_id`)
) ENGINE=InnoDB DEFAULT CHARSET=latin1;
/*!40101 SET character_set_client = @saved_cs_client */;

--
-- Dumping data for table `pig`
--

LOCK TABLES `pig` WRITE;
/*!40000 ALTER TABLE `pig` DISABLE KEYS */;
INSERT INTO `pig` VALUES ('test6','Pig'),('test7','Pig'),('test8','Pig'),('test9','Pig');
/*!40000 ALTER TABLE `pig` ENABLE KEYS */;
UNLOCK TABLES;

--
-- Table structure for table `publication`
--

DROP TABLE IF EXISTS `publication`;
/*!40101 SET @saved_cs_client     = @@character_set_client */;
/*!40101 SET character_set_client = utf8 */;
CREATE TABLE `publication` (
  `doi` varchar(30) NOT NULL DEFAULT '',
  PRIMARY KEY (`doi`)
) ENGINE=InnoDB DEFAULT CHARSET=latin1;
/*!40101 SET character_set_client = @saved_cs_client */;

--
-- Dumping data for table `publication`
--

LOCK TABLES `publication` WRITE;
/*!40000 ALTER TABLE `publication` DISABLE KEYS */;
INSERT INTO `publication` VALUES ('test_doi');
/*!40000 ALTER TABLE `publication` ENABLE KEYS */;
UNLOCK TABLES;

--
-- Temporary table structure for view `review_view`
--

DROP TABLE IF EXISTS `review_view`;
/*!50001 DROP VIEW IF EXISTS `review_view`*/;
SET @saved_cs_client     = @@character_set_client;
SET character_set_client = utf8;
/*!50001 CREATE TABLE `review_view` (
  `test_date` tinyint NOT NULL,
  `sub_id` tinyint NOT NULL,
  `dob` tinyint NOT NULL,
  `sex` tinyint NOT NULL,
  `1stP1` tinyint NOT NULL,
  `2ndP1` tinyint NOT NULL,
  `1stP2` tinyint NOT NULL,
  `2ndP2` tinyint NOT NULL,
  `1stBA` tinyint NOT NULL,
  `2ndBA` tinyint NOT NULL,
  `consensus` tinyint NOT NULL
) ENGINE=MyISAM */;
SET character_set_client = @saved_cs_client;

--
-- Table structure for table `student`
--

DROP TABLE IF EXISTS `student`;
/*!40101 SET @saved_cs_client     = @@character_set_client */;
/*!40101 SET character_set_client = utf8 */;
CREATE TABLE `student` (
  `obs_id` varchar(20) NOT NULL DEFAULT '',
  `type` varchar(20) DEFAULT NULL,
  PRIMARY KEY (`obs_id`),
  CONSTRAINT `student_ibfk_1` FOREIGN KEY (`obs_id`) REFERENCES `observer` (`obs_id`) ON DELETE CASCADE
) ENGINE=InnoDB DEFAULT CHARSET=latin1;
/*!40101 SET character_set_client = @saved_cs_client */;

--
-- Dumping data for table `student`
--

LOCK TABLES `student` WRITE;
/*!40000 ALTER TABLE `student` DISABLE KEYS */;
INSERT INTO `student` VALUES ('3','graduate'),('4','graduate');
/*!40000 ALTER TABLE `student` ENABLE KEYS */;
UNLOCK TABLES;

--
-- Table structure for table `subject`
--

DROP TABLE IF EXISTS `subject`;
/*!40101 SET @saved_cs_client     = @@character_set_client */;
/*!40101 SET character_set_client = utf8 */;
CREATE TABLE `subject` (
  `sub_id` varchar(20) NOT NULL DEFAULT '',
  `sex` varchar(10) DEFAULT NULL,
  `dob` date DEFAULT NULL,
  PRIMARY KEY (`sub_id`),
  KEY `sex_index` (`sex`)
) ENGINE=InnoDB DEFAULT CHARSET=latin1;
/*!40101 SET character_set_client = @saved_cs_client */;

--
-- Dumping data for table `subject`
--

LOCK TABLES `subject` WRITE;
/*!40000 ALTER TABLE `subject` DISABLE KEYS */;
INSERT INTO `subject` VALUES ('111111','Female','0001-01-01'),('1121212','Female','1111-01-01'),('12323123123','Female','0003-01-02'),('H601','Male','2014-03-27'),('H602','Male','2014-03-27'),('H608','Male','0000-00-00'),('H609','Male','0000-00-00'),('H610','Male','0000-00-00'),('H611','Male','0000-00-00'),('H612','Male','0000-00-00'),('H613','Male','0000-00-00'),('H618','Male','0000-00-00'),('H619','Male','0000-00-00'),('H620','Male',NULL),('H622','Male','0000-00-00'),('H624','Female','0000-00-00'),('H625','Female','0000-00-00'),('H626','Female','0000-00-00'),('H627','Female','0000-00-00'),('H628','Male','0000-00-00'),('H630','Male','0000-00-00'),('H631','Male','0000-00-00'),('H632','Male','0000-00-00'),('H633','Female','0000-00-00'),('H635','Female','0000-00-00'),('H636','Female','0000-00-00'),('H662','Male','0000-00-00'),('H663','Male','0000-00-00'),('H664','Male','0000-00-00'),('H665','Male','0000-00-00'),('H666','Male','0000-00-00'),('H667','Male','0000-00-00'),('H668','Female','0000-00-00'),('H669','Female','0000-00-00'),('H670','Female','0000-00-00'),('H678','Female','0000-00-00'),('H679','Male','0000-00-00'),('H680','Male','0000-00-00'),('H681','Male','0000-00-00'),('H683','Male','0000-00-00'),('H684','Male','0000-00-00'),('H685','Male','0000-00-00'),('H686','Female','0000-00-00'),('H688','Female','0000-00-00'),('H690','Male','0000-00-00'),('H691','Male','0000-00-00'),('L124','Female','2014-04-17'),('L132X','Female','2014-05-03'),('L142','Female','0000-00-00'),('L165X','Female','0000-00-00'),('L171X','Female','0000-00-00'),('L173X','Female','0000-00-00'),('L174X','Female','0000-00-00'),('L182X','Male','0000-00-00'),('L184X','Male','0000-00-00'),('L197X','Male','0000-00-00'),('L198X','Male','0000-00-00'),('L202x','Male','0000-00-00'),('L203x','Male','0000-00-00'),('L204x','Male','0000-00-00'),('L205x','Male','0000-00-00'),('L206x','Male','0000-00-00'),('L207x','Female','0000-00-00'),('L208x','Female','0000-00-00'),('L209x','Female','0000-00-00'),('L210x','Female','0000-00-00'),('L211x','Female','0000-00-00'),('L228','Male','0000-00-00'),('L230','Male','0000-00-00'),('L28','Female','2013-08-29'),('L29','Female','0000-00-00'),('L30','Female','0000-00-00'),('L31','Female','2013-08-29'),('L32','Male','0000-00-00'),('L35','Male','0000-00-00'),('L36','Female','0000-00-00'),('L37','Male','2013-08-29'),('L40','Male','0000-00-00'),('L41','Male','0000-00-00'),('L44','Male','0000-00-00'),('L443','Male','0000-00-00'),('L444','Male','0000-00-00'),('L445','Female','0000-00-00'),('L446','Female','0000-00-00'),('L447','Male','0000-00-00'),('L448','Male','0000-00-00'),('L449','Female','0000-00-00'),('L450','Female','0000-00-00'),('L451','Female','0000-00-00'),('L452','Female','0000-00-00'),('L454','Female','0000-00-00'),('L455','Female','0000-00-00'),('L456','Female','0000-00-00'),('L458','Male','0000-00-00'),('L46','Female','0000-00-00'),('L460','Female','0000-00-00'),('L47','Female','0000-00-00'),('L50','Female','0000-00-00'),('L51','Male','0000-00-00'),('L52','Male','0000-00-00'),('L53','Male','0000-00-00'),('L54','Male','0000-00-00'),('L55','Male','0000-00-00'),('L57','Male','0000-00-00'),('L58','Male','0000-00-00'),('L60','Female','0000-00-00'),('L61','Female','0000-00-00'),('L63','Female','0000-00-00'),('L64','Female','0000-00-00'),('L65','Female','0000-00-00'),('L66','Female','0000-00-00'),('L67','Female','0000-00-00'),('L68','Female','0000-00-00'),('L69','Female','0000-00-00'),('L70','Female','0000-00-00'),('L71','Male','0000-00-00'),('L72','Male','0000-00-00'),('L73','Male','0000-00-00'),('L74','Male','0000-00-00'),('L75','Male','0000-00-00');
/*!40000 ALTER TABLE `subject` ENABLE KEYS */;
UNLOCK TABLES;

--
-- Table structure for table `supervisor`
--

DROP TABLE IF EXISTS `supervisor`;
/*!40101 SET @saved_cs_client     = @@character_set_client */;
/*!40101 SET character_set_client = utf8 */;
CREATE TABLE `supervisor` (
  `obs_id` varchar(20) NOT NULL DEFAULT '',
  `position` varchar(20) DEFAULT NULL,
  PRIMARY KEY (`obs_id`),
  CONSTRAINT `supervisor_ibfk_1` FOREIGN KEY (`obs_id`) REFERENCES `observer` (`obs_id`) ON DELETE CASCADE
) ENGINE=InnoDB DEFAULT CHARSET=latin1;
/*!40101 SET character_set_client = @saved_cs_client */;

--
-- Dumping data for table `supervisor`
--

LOCK TABLES `supervisor` WRITE;
/*!40000 ALTER TABLE `supervisor` DISABLE KEYS */;
INSERT INTO `supervisor` VALUES ('1','professor'),('2','lab assistant'),('6','lab assistant');
/*!40000 ALTER TABLE `supervisor` ENABLE KEYS */;
UNLOCK TABLES;

--
-- Table structure for table `surgery`
--

DROP TABLE IF EXISTS `surgery`;
/*!40101 SET @saved_cs_client     = @@character_set_client */;
/*!40101 SET character_set_client = utf8 */;
CREATE TABLE `surgery` (
  `surg_id` varchar(20) NOT NULL DEFAULT '',
  `surg_type` varchar(20) DEFAULT NULL,
  `nerve` varchar(20) DEFAULT NULL,
  `side` varchar(20) DEFAULT NULL,
  `injury_type` varchar(20) DEFAULT NULL,
  PRIMARY KEY (`surg_id`)
) ENGINE=InnoDB DEFAULT CHARSET=latin1;
/*!40101 SET character_set_client = @saved_cs_client */;

--
-- Dumping data for table `surgery`
--

LOCK TABLES `surgery` WRITE;
/*!40000 ALTER TABLE `surgery` DISABLE KEYS */;
INSERT INTO `surgery` VALUES ('1','chocolate','null','left','haha');
/*!40000 ALTER TABLE `surgery` ENABLE KEYS */;
UNLOCK TABLES;

--
-- Table structure for table `treatment`
--

DROP TABLE IF EXISTS `treatment`;
/*!40101 SET @saved_cs_client     = @@character_set_client */;
/*!40101 SET character_set_client = utf8 */;
CREATE TABLE `treatment` (
  `treat_id` varchar(20) NOT NULL DEFAULT '',
  `treat_type` varchar(20) DEFAULT NULL,
  `nerve` varchar(20) DEFAULT NULL,
  `side` varchar(20) DEFAULT NULL,
  `duration` int(11) DEFAULT NULL,
  PRIMARY KEY (`treat_id`)
) ENGINE=InnoDB DEFAULT CHARSET=latin1;
/*!40101 SET character_set_client = @saved_cs_client */;

--
-- Dumping data for table `treatment`
--

LOCK TABLES `treatment` WRITE;
/*!40000 ALTER TABLE `treatment` DISABLE KEYS */;
INSERT INTO `treatment` VALUES ('1','chocolate','null','left',30),('2','water',NULL,'left',30),('3','young-water',NULL,'left',30),('4','test',NULL,'left',30);
/*!40000 ALTER TABLE `treatment` ENABLE KEYS */;
UNLOCK TABLES;

--
-- Table structure for table `vid_has_consensus`
--

DROP TABLE IF EXISTS `vid_has_consensus`;
/*!40101 SET @saved_cs_client     = @@character_set_client */;
/*!40101 SET character_set_client = utf8 */;
CREATE TABLE `vid_has_consensus` (
  `m_id` varchar(20) NOT NULL DEFAULT '',
  `vid_id` varchar(20) NOT NULL DEFAULT '',
  PRIMARY KEY (`m_id`,`vid_id`),
  KEY `vid_id` (`vid_id`),
  CONSTRAINT `vid_has_consensus_ibfk_1` FOREIGN KEY (`m_id`) REFERENCES `consensus` (`m_id`),
  CONSTRAINT `vid_has_consensus_ibfk_2` FOREIGN KEY (`vid_id`) REFERENCES `video` (`vid_id`)
) ENGINE=InnoDB DEFAULT CHARSET=latin1;
/*!40101 SET character_set_client = @saved_cs_client */;

--
-- Dumping data for table `vid_has_consensus`
--

LOCK TABLES `vid_has_consensus` WRITE;
/*!40000 ALTER TABLE `vid_has_consensus` DISABLE KEYS */;
INSERT INTO `vid_has_consensus` VALUES ('L124','2');
/*!40000 ALTER TABLE `vid_has_consensus` ENABLE KEYS */;
UNLOCK TABLES;

--
-- Table structure for table `video`
--

DROP TABLE IF EXISTS `video`;
/*!40101 SET @saved_cs_client     = @@character_set_client */;
/*!40101 SET character_set_client = utf8 */;
CREATE TABLE `video` (
  `vid_id` varchar(20) NOT NULL DEFAULT '',
  `test_date` date DEFAULT NULL,
  `location` varchar(100) DEFAULT NULL,
  `name` varchar(20) DEFAULT NULL,
  PRIMARY KEY (`vid_id`)
) ENGINE=InnoDB DEFAULT CHARSET=latin1;
/*!40101 SET character_set_client = @saved_cs_client */;

--
-- Dumping data for table `video`
--

LOCK TABLES `video` WRITE;
/*!40000 ALTER TABLE `video` DISABLE KEYS */;
INSERT INTO `video` VALUES ('1','2014-04-19','http://cs4380-group3.centralus.cloudapp.azure.com/lever/video/1.jpg','1.jpg'),('2','2015-12-12','http://cs4380-group3.centralus.cloudapp.azure.com/lever/video/1.mp4','1.mp4'),('H601_1234-05-02','1234-05-02','http://cs4380-group3.centralus.cloudapp.azure.com/lever/video/vi1.png','vi1.png'),('L124_2014-09-01','2014-09-01','http://cs4380-group3.centralus.cloudapp.azure.com/lever/video/test2.pdf','test2.pdf'),('L124_2014-10-05','2014-10-05','http://cs4380-group3.centralus.cloudapp.azure.com/lever/video/test2.pdf','test2.pdf'),('L124_2014-11-02','2014-11-02','http://cs4380-group3.centralus.cloudapp.azure.com/lever/video/test2.pdf','test2.pdf'),('L124_2015-01-10','2015-01-10','http://cs4380-group3.centralus.cloudapp.azure.com/lever/video/test2.pdf','test2.pdf'),('L28_2016-05-01','2016-05-01','http://cs4380-group3.centralus.cloudapp.azure.com/lever/video/test.pdf','test.pdf');
/*!40000 ALTER TABLE `video` ENABLE KEYS */;
UNLOCK TABLES;

--
-- Final view structure for view `non_human_view`
--

/*!50001 DROP TABLE IF EXISTS `non_human_view`*/;
/*!50001 DROP VIEW IF EXISTS `non_human_view`*/;
/*!50001 SET @saved_cs_client          = @@character_set_client */;
/*!50001 SET @saved_cs_results         = @@character_set_results */;
/*!50001 SET @saved_col_connection     = @@collation_connection */;
/*!50001 SET character_set_client      = utf8 */;
/*!50001 SET character_set_results     = utf8 */;
/*!50001 SET collation_connection      = utf8_general_ci */;
/*!50001 CREATE ALGORITHM=UNDEFINED */
/*!50013 DEFINER=`root`@`localhost` SQL SECURITY DEFINER */
/*!50001 VIEW `non_human_view` AS select `mouse`.`sub_id` AS `sub_id`,`mouse`.`category` AS `category` from `mouse` union select `dog`.`sub_id` AS `sub_id`,`dog`.`category` AS `category` from `dog` union select `pig`.`sub_id` AS `sub_id`,`pig`.`category` AS `category` from `pig` union select `horse`.`sub_id` AS `sub_id`,`horse`.`category` AS `category` from `horse` */;
/*!50001 SET character_set_client      = @saved_cs_client */;
/*!50001 SET character_set_results     = @saved_cs_results */;
/*!50001 SET collation_connection      = @saved_col_connection */;

--
-- Final view structure for view `review_view`
--

/*!50001 DROP TABLE IF EXISTS `review_view`*/;
/*!50001 DROP VIEW IF EXISTS `review_view`*/;
/*!50001 SET @saved_cs_client          = @@character_set_client */;
/*!50001 SET @saved_cs_results         = @@character_set_results */;
/*!50001 SET @saved_col_connection     = @@collation_connection */;
/*!50001 SET character_set_client      = utf8 */;
/*!50001 SET character_set_results     = utf8 */;
/*!50001 SET collation_connection      = utf8_general_ci */;
/*!50001 CREATE ALGORITHM=UNDEFINED */
/*!50013 DEFINER=`root`@`localhost` SQL SECURITY DEFINER */
/*!50001 VIEW `review_view` AS select distinct `V`.`test_date` AS `test_date`,`S`.`sub_id` AS `sub_id`,`S`.`dob` AS `dob`,`S`.`sex` AS `sex`,if(`S`.`sub_id` in (select `P1`.`m_id` from `Pos1_record` `P1` where ((`P1`.`test_date` = `V`.`test_date`) and (`P1`.`m_id` = `S`.`sub_id`) and (`P1`.`status` = 'r1'))),(select distinct `P1`.`reviewer_id` from `Pos1_record` `P1` where ((`P1`.`test_date` = `V`.`test_date`) and (`P1`.`m_id` = `S`.`sub_id`) and (`P1`.`status` = 'r1'))),' ') AS `1stP1`,if(`S`.`sub_id` in (select `P1`.`m_id` from `Pos1_record` `P1` where ((`P1`.`test_date` = `V`.`test_date`) and (`P1`.`m_id` = `S`.`sub_id`) and (`P1`.`status` = 'r2'))),(select distinct `P1`.`reviewer_id` from `Pos1_record` `P1` where ((`P1`.`test_date` = `V`.`test_date`) and (`P1`.`m_id` = `S`.`sub_id`) and (`P1`.`status` = 'r2'))),' ') AS `2ndP1`,if(`S`.`sub_id` in (select `P2`.`m_id` from `Pos2_record` `P2` where ((`P2`.`test_date` = `V`.`test_date`) and (`P2`.`m_id` = `S`.`sub_id`) and (`P2`.`status` = 'r1'))),(select distinct `P2`.`reviewer_id` from `Pos2_record` `P2` where ((`P2`.`test_date` = `V`.`test_date`) and (`P2`.`m_id` = `S`.`sub_id`) and (`P2`.`status` = 'r1'))),' ') AS `1stP2`,if(`S`.`sub_id` in (select `P2`.`m_id` from `Pos2_record` `P2` where ((`P2`.`test_date` = `V`.`test_date`) and (`P2`.`m_id` = `S`.`sub_id`) and (`P2`.`status` = 'r2'))),(select distinct `P2`.`reviewer_id` from `Pos2_record` `P2` where ((`P2`.`test_date` = `V`.`test_date`) and (`P2`.`m_id` = `S`.`sub_id`) and (`P2`.`status` = 'r2'))),' ') AS `2ndP2`,if(`S`.`sub_id` in (select `B`.`m_id` from `Bolus_record` `B` where ((`B`.`test_date` = `V`.`test_date`) and (`B`.`m_id` = `S`.`sub_id`) and (`B`.`status` = 'r1'))),(select distinct `B`.`reviewer_id` from `Bolus_record` `B` where ((`B`.`test_date` = `V`.`test_date`) and (`B`.`m_id` = `S`.`sub_id`) and (`B`.`status` = 'r1'))),' ') AS `1stBA`,if(`S`.`sub_id` in (select `B`.`m_id` from `Bolus_record` `B` where ((`B`.`test_date` = `V`.`test_date`) and (`B`.`m_id` = `S`.`sub_id`) and (`B`.`status` = 'r2'))),(select distinct `B`.`reviewer_id` from `Bolus_record` `B` where ((`B`.`test_date` = `V`.`test_date`) and (`B`.`m_id` = `S`.`sub_id`) and (`B`.`status` = 'r2'))),' ') AS `2ndBA`,if(`S`.`sub_id` in (select `P1`.`m_id` from (`Pos1_record` `P1` join `Pos2_record` `P2`) where ((`P2`.`m_id` = `P1`.`m_id`) and (`P1`.`m_id` = `S`.`sub_id`) and (`P1`.`test_date` = `V`.`test_date`) and (`P2`.`test_date` = `V`.`test_date`) and (`P1`.`status` = 'c') and (`P2`.`status` = 'c'))),'YES','NO') AS `consensus` from (((((`video` `V` join `Pos1_record` `P1`) join `Pos2_record` `P2`) join `Bolus_record` `B`) join `subject` `S`) join `has_vid` `H`) where ((`V`.`vid_id` = `H`.`vid_id`) and (`H`.`sub_id` = `S`.`sub_id`)) */;
/*!50001 SET character_set_client      = @saved_cs_client */;
/*!50001 SET character_set_results     = @saved_cs_results */;
/*!50001 SET collation_connection      = @saved_col_connection */;
/*!40103 SET TIME_ZONE=@OLD_TIME_ZONE */;

/*!40101 SET SQL_MODE=@OLD_SQL_MODE */;
/*!40014 SET FOREIGN_KEY_CHECKS=@OLD_FOREIGN_KEY_CHECKS */;
/*!40014 SET UNIQUE_CHECKS=@OLD_UNIQUE_CHECKS */;
/*!40101 SET CHARACTER_SET_CLIENT=@OLD_CHARACTER_SET_CLIENT */;
/*!40101 SET CHARACTER_SET_RESULTS=@OLD_CHARACTER_SET_RESULTS */;
/*!40101 SET COLLATION_CONNECTION=@OLD_COLLATION_CONNECTION */;
/*!40111 SET SQL_NOTES=@OLD_SQL_NOTES */;

-- Dump completed on 2016-05-08 23:54:59
